id;color;type
Tis;;
Branch Station;;
Patience;;
Eugene Wrayburn;green;poor
Saveloy;;
Coffee;;
Idea;;
Aslant;;
Palace Yard;;
Decorator;;
Always;;
Neptune;;
P;;
Fascination;;
Allow Mrs Podsnap;;
Wonderful;;
Enormously Rich;;
Harkee;;
Union House;;
Inspected;;
Yard;;
Old Harmon;;
Poor Bella;green;poor
Falser;;
Woman;;
Knight;;
Inferior;;
Having;;
Power;;
Griffiths;green;poor
Gallows Bay;;
Doffin;;
Dear Pa;;
Mrs;;
Granny;green;poor
Hadn;;
Who;;
O;;
Inquest;;
Tippins;;
Sooth;;
Wat Tyler;;
Humph;;
Doesn;;
Mister Sloppy;green;poor
Begone;;
Cook;;
Queer;;
Haven;;
Get;;
Cayenne;;
Whereunto;;
Little Eyes Pubsey;;
Agincourt;;
Miss Bella Wilfer;green;poor
Tut;;
Missis;;
Nose;;
Duke Street;;
Schoolmaster;;
Hows;;
Alfred Lammle;green;poor
Dolls;;
Kicketty;;
Albany;;
Peace;;
Algebra;;
Angel;;
John Overs;green;poor
Onward;;
Gliddery;;
Rule Britannia;;
Hush;;
Says;;
Doctor Scommons;;
Evil;;
Miss Hexam;;
Whereupon;;
Tantivy;;
Betty;;
Mrs Rokesmith;yellow;rich
Tootle;;
Maiden Lane;;
Dressmaker;;
Kibble;;
Unless;;
Ladies;;
Fox;;
Aladdin;;
Verily;;
Poddles;;
Total;;
Georgeute;;
Whom Lady Tippins;;
Which Lord;;
Mrs Eugene Wrayburn;;
Catch;;
Malley;;
Round;;
Hopes Ma;;
Time;;
Patronized;;
Pretty Pretty;;
Wasn;;
Mullins;;
Sawyers;;
Regret;;
College;;
Warn;;
Shares;;
Venus;;
Mrs Lammle;;
Ritch;;
T;;
Miss Podsnap;;
Carried;;
Agreed;;
Robert Baldwin;yellow;rich
Reflects Eugene;;
Caulfield;;
Elsewise;;
Jemmy Taylor;;
Pills;;
Strange;;
St Paul;;
Cosy;;
Seems;;
Animate London;;
Whose Perch;;
Portman Square;;
Miss Potterson;yellow;rich
Poor;;
Driver;;
Lady Tippins;;
Sir Thomas Tippins;yellow;rich
Tom Noakes;;
Miss Pleasant;;
Paul;;
Betty Higden;;
Headstone;;
Stranded;;
Frank;;
Dog;;
Jemmy Wood;;
Inspector;;
Church Street;;
Lord Mayor Walworth;yellow;rich
Sit;;
Splendid;;
Bella;;
Eugene;;
Glum;;
Miss Euphemia Tapkins;yellow;rich
Boffins;;
Fair Rosamond;;
False;;
Geor;;
Ahem;;
None;;
Slow;;
Dusty Boffin;;
Dear Mr Fledgeby;;
Best;;
Fanny Cleaver;yellow;rich
Wren;;
Miss;;
Higden;;
Whispered Venus;;
People;;
Term;;
Charley Hexam;yellow;rich
Fleet Street;;
James;;
Blewberry;;
Eugene Gaffer Harmon;;
Young Fledgeby;;
Lady Belinda;;
Merryweather;;
Melvin Twemlow;;
Poor Lavinia;;
Thomas Twopence;;
David;;
Serious;;
Sweet Home;;
Thomson;;
Plain Vanilla;;
Partner;;
Baby;;
Anyhow;;
Mound;;
Dear John;;
Horse;;
Nick;;
Bravo;;
Which Mrs Milvey;;
Steady;;
Kirby;;
Her Gracious Majesty;;
Cats;;
My Benefactor;;
Lie;;
Cassim Baba;;
Edward;;
Johnson;;
Bower;;
Behold Bella;;
Care;;
Good Night;;
Parker;;
Mint;;
Thank;;
Sampson;;
Patronesses;;
Hem;;
Peculiar;;
Magna Charta;;
Mrs Wilfer;;
Burial;;
Likewise;;
Alfred David;;
Whom;;
Less;;
Hetty;;
Poof;;
Which;;
Smoke;;
Wot;;
Saint James;;
Fashion;;
Bones;;
Johnny;;
Battle Bridge;;
Dancer;;
Robinson Crusoe;;
Jane;;
Mark;;
Curious;;
Sackville Street;;
Mrs Alfred Lammle;green;poor
Lor;;
Lazarus;;
Wilcocks;;
Haul;;
Autumn;;
Cupids;;
Margaretta;;
Mrs J. R.;;
Georgina;;
Hark Forward;;
Lammles;;
Riah;;
Molars;;
Queer Street;;
Sooner;;
Juan Fernandez;green;poor
Hexam;;
Mine;;
Law Reports;;
Skulls;;
Esquire;;
Bliss;;
Fledgeby;;
Bella Wilfer;;
Greenwich;;
Legacy Duty;;
Roger;;
Show Pleasant Riderhood;;
John Little;green;poor
Didn;;
Poffin;;
Jones;;
Black;;
Boh;;
Pa;;
Wrong;;
Pounds;;
Eddard;;
Cornhill;;
Buffers;;
Old;;
Faith;;
Akin;;
Well;;
Henerietty Boffin;;
Harmarn;;
Mightn;;
Been;;
Fash;;
Postman;;
Sprodgkin;;
John;;
Man;;
Elwes;;
Horatio Akershem;;
Weren;;
Wilfer Castle;;
Anastatia;;
Lizzie;;
Luxury;;
Westminster Bridge;;
Chill;;
Miss Lavvy;;
Lizzie Hexam;;
Never;;
Ancoar;;
Ripe;;
Millbank;;
Alfred;;
Flesh;;
Tom;;
Wouldn;;
Orse;;
Me;;
Mortimer Lightwood;green;poor
Bill;;
Pray;;
Really;;
Pubsey;;
Holloa;;
So;;
Canine Provision Trade;;
Perch;;
Pokey;;
Blown;;
Rich;;
God;;
Lawyer;;
Alfred Lammle Esquire;yellow;rich
Rogue;;
Georgiana Podsnap;;
Hawkinson;;
No;;
Navy;;
Silas;;
Boots;;
Shillings;;
Mrs Sprodgkin;yellow;rich
Nay;;
Don Quixote;;
Lane;;
Miss Lavinia Wilfer;yellow;rich
Suppose;;
Night;;
Wonderful Museum;;
Don;;
Sharp;;
Which Mr Boffin;;
Jew;;
Miss Jenny;;
Hideous;;
Same;;
Oftener;;
My Bene;;
Ducks;;
Mrs Milvey;;
Between Battle Bridge;;
St James;;
Better;;
Mrs John Rokesmith;;
Capsicum;;
Came;;
Fascination Fledgeby;;
Give;;
Bob;;
Earl;;
Gaffer;;
Bully Sawyers;;
Royal Arms;;
Behold;;
Email;;
Toddle;;
Pooh;;
Ain;;
Gruff;;
Don Juan;;
Blewbury Jones;;
Far;;
Frank NEVER;;
Fair;;
Dickson;;
Sophronia Akershem;;
Sparkles;;
Behold Mrs Boffin;;
Hang;;
Bereft;;
Ceremony;;
Lord God;;
Jacob Kibble;;
Mrs Tapkins;;
Piccadilly;;
Anne;;
Very Proud;;
Hindoo;;
Miss Antonina Tapkins;;
Sambo;;
Artichoke;;
Shall;;
Please;;
Totherest;;
Eden;;
Just;;
Left;;
Noah;;
Granny Betty;;
Angler;;
Richmond;;
London;;
Pleasant Riderhood;;
Thus Bella;;
Snigsworthy Park;;
Pull;;
Behold Pa;;
Cock Robin;;
Mrs Jack Styles;;
Pleasant;;
Outside;;
Boffin;;
Mrs John;;
Loll;;
Pharaoh;;
Merry England;;
Good;;
Arrayed;;
Will Cases;;
Julius;;
Anastatia Veneering;;
Despair;;
Podsnap;;
Charles Hexam;;
Rogue Riderhood;;
Miss Wren;;
Sulky;;
Miss Lavinia;;
Julius Handford;;
Twelve;;
Peecher;;
Please God;;
Stobbles;;
Trifle;;
Young Blight;;
Annual Dinner;;
Project;;
Whether Sophronia;;
Saint Paul;;
Jenny Wren;;
Jonathan;;
Sir;;
Thomas;;
Riderhood;;
Wait;;
Again;;
Henery;;
Veneering;;
Lawyer Lightwood;;
Miss Peecher;;
Smith Square;;
Georgy;;
Daniel;;
Mortimer;;
Mrs Boffin;;
Papa;;
Hark;;
Long;;
Dearest Ma;;
Abigail;;
Young Person;;
Anon;;
Mrs Podsnap;;
Hamilton Veneering;;
Let;;
Jackson;;
Answered Gruff;;
Cut;;
Delighted;;
Salt Lake City;;
Pardon;;
Miss Frederica Tapkins;;
Angleterre;;
Hard;;
Probably;;
Did History;;
Destiny;;
Mrs Veneering;;
Stop;;
Toddles;;
Much;;
Nat;;
Easy;;
Nobody;;
Size;;
Share;;
JOHN PODSNAP.;;
Brother;;
Bile;;
Lady Dustwoman;;
Noddy;;
Wilson;;
Miss Tapkins;;
Grace;;
Ruddy;;
Abbey;;
Lord Snigsworth;;
Murder;;
Miss B. W.;;
Truly;;
Wellington;;
Lavater;;
Rum;;
Bradley Headstone;;
Mrs Frank;;
John Harmon;;
John Elwes;;
Shouldn;;
Book;;
Wegg;;
Lavinia;;
Seas;;
Mew;;
Servant;;
Leastways;;
Tears;;
Williams;;
Poor Law;;
Take;;
Council;;
Hold;;
Flattered;;
Howbeit;;
Articulated English;;
Hopkins;;
Blest;;
Tom Tootle;;
Dearest Lavinia;;
Rokesmith;;
Tools;;
Tells Podsnap;;
Tomorrow;;
Cause Miss Abbey;;
Master George;;
Mary Anne;;
Door;;
Tother;;
Right;;
Stay;;
Lady Macbeth;;
Pig;;
JOHN HARMON;;
Plashwater Weir Mill;;
Silas Wegg;;
Lightwood;;
Blackberry Jones;;
Eminently Aristocratic;;
Harmony Jail;;
Dalley;;
Jesse Hexam;;
Bob Glamour;;
Sophronia Lammle;;
Titus Antoninus Pius;;
Similar;;
Fortune;;
Music;;
Love;;
Uncle Parker;;
Clifford;;
Roger Riderhood;;
Guy Fawkes;;
Twopence;;
Mill Bank;;
Brave;;
Rumty;;
Viper;;
Somehow;;
Dick Jarrel;;
Lady Belinda Whitrose;;
English;;
Recollect;;
Michael S. Hart;;
Bof;;
True;;
Rollin;;
Wrayburn;;
Marsh Forces;;
John Rokesmith;;
Parrot;;
Liz;;
Nicodemus Boffin;;
Dustman;;
Dust;;
Mephistopheles;;
Such;;
Flip;;
Jack Robinson;;
Lock;;
Potterson;;
Bargeman;;
Mary;;
Whereat Mr Twemlow;;
Isn;;
Tower;;
Lammle;;
Her Majesty;;
Noddy Boffin;;
Aaron;;
Lady;;
Have Shares;;
Master;;
Smith;;
Miss Wilfer;;
Chokesmith;;
John Rokesmith Esquire;;
Kent;;
Hamlet;;
Sorry;;
Halloa;;
Mrs T.;;
Old Master;;
George Radfoot;;
Dumb School;;
Difficult;;
Heaven;;
Seeks;;
Miss Bella;;
Sophronia;;
Wilfer;;
Shut;;
Look;;
Sally;;
Medusa;;
Ma;;
Honour;;
Miss Pleasant Riderhood;;
Done;;
Jupiter;;
Bank;;
Spites;;
Rather;;
Daniel Dancer;;
Aetna;;
William Williams;;
Oars;;
Ours;;
Mrs Higden;;
Jobbery Forest;;
Bradley;;
Milvey;;
Sloppy;;
Project Gutenberg;;
Vulture Hopkins;;
Glue Monge;;
Frankly;;
Penny;;
Henry George Alfred Swoshle;;
Stiff;;
Jerusalem;;
Lavvy;;
Miss Malvina Tapkins;;
Beeious;;
Arabian Nights;;
Miss Jenny Wren;;
Harmoon;;
Doctor S.;;
Caught George Sampson;;
Captain Joey;;
Money;;
Dogs;;
Skittish;;
Anybody;;
Steward;;
Chicksey;;
Cast;;
Listen;;
Sir Eugene Bountiful;;
Aunt Jane;;
Poor Charley;;
Ecod;;
Dearest Georgiana;;
Say;;
Strike;;
Vanilla ASCII;;
Rooshan Empire;;
Hoppetty;;
Jealous;;
Miss Dancer;;
Miller;;
Chris;;
Cassim;;
Reginald;;
Hyde Park Corner;;
Jenny;;
Jack;;
Death;;
Tartar;;
Galley;;
Cheek;;
Churchyard;;
Mrs Betty Higden;;
Miss Elizabeth;;
Elizabeth;;
Anyways;;
Dried;;
Saint Mary Axe;;
Say Miss Wilfer;;
Navigation;;
Horatio Akershem Esquire;;
Might;;
Stomach;;
Little Eyes;;
Poll Parrot;;
Patrons;;
Advantage;;
Too;;
Curates;;
Mutton;;
Between Mr Rokesmith;;
Pardner;;
Radfoot;;
Mill Lock;;
Young;;
Fal;;
Whether;;
Mummied;;
Finds Podsnap;;
George Sampson;;
Blight;;
Georgiana;;
Balley;;
George Jones;;
Hooroar;;
Home;;
Lime;;
Misty;;
Milliner;;
Purl;;
Church;;
M P.;;
Won;;
Bare;;
Exchequer Coffee House;;
Merit;;
Gaffer Hexam;;
Pegasus;;
Will;;
Twemlow;;
Houses;;
Law Practice;;
Father;;
Dun Cow;;
George;;
Down;;
Threepenn;;
Bob Gliddery;;
Miss Abbey Potterson;;
Richer;;
Miss Abbey;;
Scuse ME;;
Goldsmith;;
Buffer;;
Him;;
Brought;;
Society;;
Charley;;
How;;
Brewer;;
Certainly;;
Judah;;
Yoicks;;
Talk;;
Calley;;
Jack Mullins;;
Square;;
Plutarch;;
Dearert Childerrenerr;;
Identification;;
Has;;
Locks;;
Lord;;
Henerietty;;
Ark;;
Inn;;
Harmon;;
Mamma;;
Large;;
