Item1,Item2,Time,Book
John Baptist Cavalletto,Rigaud,29,little-dorrit
Rigaud,John Baptist Cavalletto,29,little-dorrit
John Baptist Cavalletto,Rigaud,30,little-dorrit
Rigaud,John Baptist Cavalletto,30,little-dorrit
John Baptist Cavalletto,Rigaud,47,little-dorrit
Rigaud,John Baptist Cavalletto,47,little-dorrit
John Baptist Cavalletto,Rigaud,59,little-dorrit
Rigaud,John Baptist Cavalletto,59,little-dorrit
John Baptist Cavalletto,Rigaud,62,little-dorrit
Rigaud,John Baptist Cavalletto,62,little-dorrit
John Baptist Cavalletto,Rigaud,85,little-dorrit
Rigaud,John Baptist Cavalletto,85,little-dorrit
John Baptist Cavalletto,Rigaud,104,little-dorrit
Rigaud,John Baptist Cavalletto,104,little-dorrit
Mr Arthur Clennam,Jeremiah Flintwinch,323,little-dorrit
Jeremiah Flintwinch,Mr Arthur Clennam,323,little-dorrit
Mr Arthur Clennam,Jeremiah Flintwinch,325,little-dorrit
Jeremiah Flintwinch,Mr Arthur Clennam,325,little-dorrit
Mr Arthur Clennam,Jeremiah Flintwinch,345,little-dorrit
Mr Arthur Clennam,Jeremiah Flintwinch,345,little-dorrit
Jeremiah Flintwinch,Mr Arthur Clennam,345,little-dorrit
Jeremiah Flintwinch,Mr Arthur Clennam,345,little-dorrit
Mr Arthur Clennam,Jeremiah Flintwinch,478,little-dorrit
Mr Arthur Clennam,Jeremiah Flintwinch,478,little-dorrit
Jeremiah Flintwinch,Mr Arthur Clennam,478,little-dorrit
Jeremiah Flintwinch,Mr Arthur Clennam,478,little-dorrit
Mr Arthur Clennam,Jeremiah Flintwinch,479,little-dorrit
Mr Arthur Clennam,Jeremiah Flintwinch,479,little-dorrit
Jeremiah Flintwinch,Mr Arthur Clennam,479,little-dorrit
Jeremiah Flintwinch,Mr Arthur Clennam,479,little-dorrit
Mr Arthur Clennam,Jeremiah Flintwinch,480,little-dorrit
Jeremiah Flintwinch,Mr Arthur Clennam,480,little-dorrit
Mr Arthur Clennam,Jeremiah Flintwinch,481,little-dorrit
Jeremiah Flintwinch,Mr Arthur Clennam,481,little-dorrit
Mr Arthur Clennam,Jeremiah Flintwinch,482,little-dorrit
Jeremiah Flintwinch,Mr Arthur Clennam,482,little-dorrit
Little Dorrit,Fanny Dorrit,642,little-dorrit
Fanny Dorrit,Little Dorrit,642,little-dorrit
Bob Turnkey,Tip Dorrit,644,little-dorrit
Bob Turnkey,Tip Dorrit,644,little-dorrit
Tip Dorrit,Bob Turnkey,644,little-dorrit
Tip Dorrit,Bob Turnkey,644,little-dorrit
Fanny Dorrit,Frederick Dorrit,720,little-dorrit
Frederick Dorrit,Fanny Dorrit,720,little-dorrit
Fanny Dorrit,Tip Dorrit,741,little-dorrit
Tip Dorrit,Fanny Dorrit,741,little-dorrit
Little Dorrit,Tip Dorrit,764,little-dorrit
Tip Dorrit,Little Dorrit,764,little-dorrit
Mr Arthur Clennam,Tip Dorrit,767,little-dorrit
Tip Dorrit,Mr Arthur Clennam,767,little-dorrit
Mr Arthur Clennam,Tip Dorrit,772,little-dorrit
Tip Dorrit,Mr Arthur Clennam,772,little-dorrit
Mr Arthur Clennam,Mr Tite Barnacle,855,little-dorrit
Mr Tite Barnacle,Mr Arthur Clennam,855,little-dorrit
Mr Arthur Clennam,Maggy,875,little-dorrit
Maggy,Mr Arthur Clennam,875,little-dorrit
Mr Arthur Clennam,Maggy,877,little-dorrit
Maggy,Mr Arthur Clennam,877,little-dorrit
Mr Arthur Clennam,Mr Tite Barnacle,917,little-dorrit
Mr Tite Barnacle,Mr Arthur Clennam,917,little-dorrit
Mr Arthur Clennam,Mr Tite Barnacle,922,little-dorrit
Mr Tite Barnacle,Mr Arthur Clennam,922,little-dorrit
Mr Tite Barnacle,Thomas,947,little-dorrit
Thomas,Mr Tite Barnacle,947,little-dorrit
Mr Arthur Clennam,Mr Tite Barnacle,978,little-dorrit
Mr Tite Barnacle,Mr Arthur Clennam,978,little-dorrit
Mr Arthur Clennam,Mr Wobbler,980,little-dorrit
Mr Wobbler,Mr Arthur Clennam,980,little-dorrit
Mr Arthur Clennam,Daniel Doyce,1038,little-dorrit
Mr Arthur Clennam,Daniel Doyce,1038,little-dorrit
Daniel Doyce,Mr Arthur Clennam,1038,little-dorrit
Daniel Doyce,Mr Arthur Clennam,1038,little-dorrit
Mr Arthur Clennam,Daniel Doyce,1072,little-dorrit
Mr Arthur Clennam,Daniel Doyce,1072,little-dorrit
Daniel Doyce,Mr Arthur Clennam,1072,little-dorrit
Daniel Doyce,Mr Arthur Clennam,1072,little-dorrit
John Baptist Cavalletto,Rigaud,1145,little-dorrit
Rigaud,John Baptist Cavalletto,1145,little-dorrit
John Baptist Cavalletto,Rigaud,1147,little-dorrit
Rigaud,John Baptist Cavalletto,1147,little-dorrit
John Baptist Cavalletto,Rigaud,1148,little-dorrit
Rigaud,John Baptist Cavalletto,1148,little-dorrit
Mr Arthur Clennam,Daniel Doyce,1185,little-dorrit
Mr Arthur Clennam,Daniel Doyce,1185,little-dorrit
Mr Arthur Clennam,Mr Plornish,1185,little-dorrit
Daniel Doyce,Mr Arthur Clennam,1185,little-dorrit
Daniel Doyce,Mr Plornish,1185,little-dorrit
Daniel Doyce,Mr Arthur Clennam,1185,little-dorrit
Daniel Doyce,Mr Plornish,1185,little-dorrit
Mr Plornish,Mr Arthur Clennam,1185,little-dorrit
Mr Plornish,Daniel Doyce,1185,little-dorrit
Mr Plornish,Daniel Doyce,1185,little-dorrit
Mr Tite Barnacle,Mr Plornish,1199,little-dorrit
Mr Plornish,Mr Tite Barnacle,1199,little-dorrit
Mr Arthur Clennam,Mr Plornish,1227,little-dorrit
Mr Arthur Clennam,Tip Dorrit,1227,little-dorrit
Mr Plornish,Mr Arthur Clennam,1227,little-dorrit
Mr Plornish,Tip Dorrit,1227,little-dorrit
Tip Dorrit,Mr Arthur Clennam,1227,little-dorrit
Tip Dorrit,Mr Plornish,1227,little-dorrit
Mr Arthur Clennam,Mr Plornish,1228,little-dorrit
Mr Plornish,Mr Arthur Clennam,1228,little-dorrit
Mr Arthur Clennam,Mr Plornish,1234,little-dorrit
Mr Plornish,Mr Arthur Clennam,1234,little-dorrit
Christopher Casby,Jeremiah Flintwinch,1237,little-dorrit
Christopher Casby,Flora Casby,1237,little-dorrit
Jeremiah Flintwinch,Christopher Casby,1237,little-dorrit
Jeremiah Flintwinch,Flora Casby,1237,little-dorrit
Flora Casby,Christopher Casby,1237,little-dorrit
Flora Casby,Jeremiah Flintwinch,1237,little-dorrit
Mr Tite Barnacle,Christopher Casby,1244,little-dorrit
Mr Tite Barnacle,Lord Decimus Barnacle,1244,little-dorrit
Christopher Casby,Mr Tite Barnacle,1244,little-dorrit
Christopher Casby,Lord Decimus Barnacle,1244,little-dorrit
Lord Decimus Barnacle,Mr Tite Barnacle,1244,little-dorrit
Lord Decimus Barnacle,Christopher Casby,1244,little-dorrit
Mr Arthur Clennam,Mr Tite Barnacle,1279,little-dorrit
Mr Arthur Clennam,Christopher Casby,1279,little-dorrit
Mr Arthur Clennam,Lord Decimus Barnacle,1279,little-dorrit
Mr Tite Barnacle,Mr Arthur Clennam,1279,little-dorrit
Mr Tite Barnacle,Christopher Casby,1279,little-dorrit
Mr Tite Barnacle,Lord Decimus Barnacle,1279,little-dorrit
Christopher Casby,Mr Arthur Clennam,1279,little-dorrit
Christopher Casby,Mr Tite Barnacle,1279,little-dorrit
Christopher Casby,Lord Decimus Barnacle,1279,little-dorrit
Lord Decimus Barnacle,Mr Arthur Clennam,1279,little-dorrit
Lord Decimus Barnacle,Mr Tite Barnacle,1279,little-dorrit
Lord Decimus Barnacle,Christopher Casby,1279,little-dorrit
Flora Casby,Mr Meagles,1289,little-dorrit
Mr Meagles,Flora Casby,1289,little-dorrit
Mr Arthur Clennam,Flora Casby,1293,little-dorrit
Flora Casby,Mr Arthur Clennam,1293,little-dorrit
Mr Arthur Clennam,Flora Casby,1296,little-dorrit
Flora Casby,Mr Arthur Clennam,1296,little-dorrit
Mr Arthur Clennam,Flora Casby,1300,little-dorrit
Mr Arthur Clennam,Flora Casby,1300,little-dorrit
Flora Casby,Mr Arthur Clennam,1300,little-dorrit
Flora Casby,Mr Arthur Clennam,1300,little-dorrit
Mr Arthur Clennam,Flora Casby,1301,little-dorrit
Flora Casby,Mr Arthur Clennam,1301,little-dorrit
Mr F's Aunt,Flora Casby,1302,little-dorrit
Flora Casby,Mr F's Aunt,1302,little-dorrit
Mr F's Aunt,Flora Casby,1303,little-dorrit
Flora Casby,Mr F's Aunt,1303,little-dorrit
Mr Arthur Clennam,Flora Casby,1305,little-dorrit
Flora Casby,Mr Arthur Clennam,1305,little-dorrit
Flora Casby,Mr Meagles,1312,little-dorrit
Mr Meagles,Flora Casby,1312,little-dorrit
Mr Arthur Clennam,Flora Casby,1314,little-dorrit
Flora Casby,Mr Arthur Clennam,1314,little-dorrit
Mr Arthur Clennam,Flora Casby,1315,little-dorrit
Flora Casby,Mr Arthur Clennam,1315,little-dorrit
Mr F's Aunt,Flora Casby,1316,little-dorrit
Mr F's Aunt,Mr Meagles,1316,little-dorrit
Flora Casby,Mr F's Aunt,1316,little-dorrit
Flora Casby,Mr Meagles,1316,little-dorrit
Mr Meagles,Mr F's Aunt,1316,little-dorrit
Mr Meagles,Flora Casby,1316,little-dorrit
Mr F's Aunt,Flora Casby,1318,little-dorrit
Mr F's Aunt,Mr Meagles,1318,little-dorrit
Flora Casby,Mr F's Aunt,1318,little-dorrit
Flora Casby,Mr Meagles,1318,little-dorrit
Mr Meagles,Mr F's Aunt,1318,little-dorrit
Mr Meagles,Flora Casby,1318,little-dorrit
Mr F's Aunt,Flora Casby,1321,little-dorrit
Flora Casby,Mr F's Aunt,1321,little-dorrit
Mr F's Aunt,Flora Casby,1335,little-dorrit
Mr F's Aunt,Flora Casby,1335,little-dorrit
Flora Casby,Mr F's Aunt,1335,little-dorrit
Flora Casby,Mr F's Aunt,1335,little-dorrit
Mr F's Aunt,Flora Casby,1341,little-dorrit
Mr F's Aunt,Flora Casby,1341,little-dorrit
Flora Casby,Mr F's Aunt,1341,little-dorrit
Flora Casby,Mr F's Aunt,1341,little-dorrit
Mr F's Aunt,Flora Casby,1342,little-dorrit
Mr F's Aunt,Flora Casby,1342,little-dorrit
Flora Casby,Mr F's Aunt,1342,little-dorrit
Flora Casby,Mr F's Aunt,1342,little-dorrit
Mr F's Aunt,Flora Casby,1346,little-dorrit
Mr F's Aunt,Flora Casby,1346,little-dorrit
Flora Casby,Mr F's Aunt,1346,little-dorrit
Flora Casby,Mr F's Aunt,1346,little-dorrit
Mr F's Aunt,Flora Casby,1351,little-dorrit
Flora Casby,Mr F's Aunt,1351,little-dorrit
Mr Arthur Clennam,Flora Casby,1412,little-dorrit
Flora Casby,Mr Arthur Clennam,1412,little-dorrit
Little Dorrit,Fanny Dorrit,1539,little-dorrit
Fanny Dorrit,Little Dorrit,1539,little-dorrit
Mr Arthur Clennam,Jeremiah Flintwinch,1565,little-dorrit
Jeremiah Flintwinch,Mr Arthur Clennam,1565,little-dorrit
Mr Arthur Clennam,Jeremiah Flintwinch,1575,little-dorrit
Jeremiah Flintwinch,Mr Arthur Clennam,1575,little-dorrit
Mr Arthur Clennam,Daniel Doyce,1639,little-dorrit
Daniel Doyce,Mr Arthur Clennam,1639,little-dorrit
Mr Arthur Clennam,Tattycoram,1657,little-dorrit
Tattycoram,Mr Arthur Clennam,1657,little-dorrit
Mr Arthur Clennam,Tattycoram,1675,little-dorrit
Tattycoram,Mr Arthur Clennam,1675,little-dorrit
Mr Arthur Clennam,Miss Minnie Meagles,1684,little-dorrit
Miss Minnie Meagles,Mr Arthur Clennam,1684,little-dorrit
Tattycoram,Miss Wade,1689,little-dorrit
Miss Wade,Tattycoram,1689,little-dorrit
Tattycoram,Miss Wade,1703,little-dorrit
Miss Wade,Tattycoram,1703,little-dorrit
Mr Arthur Clennam,Miss Wade,1711,little-dorrit
Miss Wade,Mr Arthur Clennam,1711,little-dorrit
Mr Arthur Clennam,Daniel Doyce,1712,little-dorrit
Daniel Doyce,Mr Arthur Clennam,1712,little-dorrit
Mr Tite Barnacle,Daniel Doyce,1762,little-dorrit
Mr Tite Barnacle,Lord Decimus Barnacle,1762,little-dorrit
Daniel Doyce,Mr Tite Barnacle,1762,little-dorrit
Daniel Doyce,Lord Decimus Barnacle,1762,little-dorrit
Lord Decimus Barnacle,Mr Tite Barnacle,1762,little-dorrit
Lord Decimus Barnacle,Daniel Doyce,1762,little-dorrit
Mr Arthur Clennam,Mr Tite Barnacle,1772,little-dorrit
Mr Tite Barnacle,Mr Arthur Clennam,1772,little-dorrit
Mr Tite Barnacle,Lord Decimus Barnacle,1781,little-dorrit
Mr Tite Barnacle,Henry Gowan,1781,little-dorrit
Lord Decimus Barnacle,Mr Tite Barnacle,1781,little-dorrit
Lord Decimus Barnacle,Henry Gowan,1781,little-dorrit
Henry Gowan,Mr Tite Barnacle,1781,little-dorrit
Henry Gowan,Lord Decimus Barnacle,1781,little-dorrit
Mr Arthur Clennam,Mr Tite Barnacle,1783,little-dorrit
Mr Tite Barnacle,Mr Arthur Clennam,1783,little-dorrit
Little Dorrit,Frederick Dorrit,1899,little-dorrit
Frederick Dorrit,Little Dorrit,1899,little-dorrit
Little Dorrit,Frederick Dorrit,1919,little-dorrit
Frederick Dorrit,Little Dorrit,1919,little-dorrit
Mr Plornish,Tip Dorrit,1967,little-dorrit
Tip Dorrit,Mr Plornish,1967,little-dorrit
Little Dorrit,Fanny Dorrit,1982,little-dorrit
Fanny Dorrit,Little Dorrit,1982,little-dorrit
Little Dorrit,Fanny Dorrit,1985,little-dorrit
Fanny Dorrit,Little Dorrit,1985,little-dorrit
Little Dorrit,Fanny Dorrit,1988,little-dorrit
Fanny Dorrit,Little Dorrit,1988,little-dorrit
Little Dorrit,Fanny Dorrit,1995,little-dorrit
Little Dorrit,Frederick Dorrit,1995,little-dorrit
Fanny Dorrit,Little Dorrit,1995,little-dorrit
Fanny Dorrit,Frederick Dorrit,1995,little-dorrit
Frederick Dorrit,Little Dorrit,1995,little-dorrit
Frederick Dorrit,Fanny Dorrit,1995,little-dorrit
Fanny Dorrit,Frederick Dorrit,1996,little-dorrit
Frederick Dorrit,Fanny Dorrit,1996,little-dorrit
Little Dorrit,Fanny Dorrit,2040,little-dorrit
Fanny Dorrit,Little Dorrit,2040,little-dorrit
Little Dorrit,Tip Dorrit,2052,little-dorrit
Tip Dorrit,Little Dorrit,2052,little-dorrit
Little Dorrit,Fanny Dorrit,2056,little-dorrit
Fanny Dorrit,Little Dorrit,2056,little-dorrit
Little Dorrit,Fanny Dorrit,2063,little-dorrit
Fanny Dorrit,Little Dorrit,2063,little-dorrit
Bar,Bishop,2098,little-dorrit
Bishop,Bar,2098,little-dorrit
Bar,Bishop,2114,little-dorrit
Bishop,Bar,2114,little-dorrit
Maggy,Tip Dorrit,2171,little-dorrit
Tip Dorrit,Maggy,2171,little-dorrit
Mr Arthur Clennam,Maggy,2173,little-dorrit
Maggy,Mr Arthur Clennam,2173,little-dorrit
Mr Arthur Clennam,Daniel Doyce,2212,little-dorrit
Daniel Doyce,Mr Arthur Clennam,2212,little-dorrit
Mr F's Aunt,Flora Casby,2221,little-dorrit
Mr F's Aunt,Flora Casby,2221,little-dorrit
Flora Casby,Mr F's Aunt,2221,little-dorrit
Flora Casby,Mr F's Aunt,2221,little-dorrit
Mr Arthur Clennam,Mr F's Aunt,2223,little-dorrit
Mr Arthur Clennam,Mr F's Aunt,2223,little-dorrit
Mr F's Aunt,Mr Arthur Clennam,2223,little-dorrit
Mr F's Aunt,Mr Arthur Clennam,2223,little-dorrit
Mr F's Aunt,Flora Casby,2224,little-dorrit
Mr F's Aunt,Flora Casby,2224,little-dorrit
Flora Casby,Mr F's Aunt,2224,little-dorrit
Flora Casby,Mr F's Aunt,2224,little-dorrit
Daniel Doyce,Flora Casby,2227,little-dorrit
Flora Casby,Daniel Doyce,2227,little-dorrit
Mr Arthur Clennam,Mr F's Aunt,2229,little-dorrit
Mr Arthur Clennam,Mr F's Aunt,2229,little-dorrit
Mr F's Aunt,Mr Arthur Clennam,2229,little-dorrit
Mr F's Aunt,Mr Arthur Clennam,2229,little-dorrit
Mr Arthur Clennam,Flora Casby,2232,little-dorrit
Flora Casby,Mr Arthur Clennam,2232,little-dorrit
Mr F's Aunt,Flora Casby,2237,little-dorrit
Mr F's Aunt,Flora Casby,2237,little-dorrit
Flora Casby,Mr F's Aunt,2237,little-dorrit
Flora Casby,Mr F's Aunt,2237,little-dorrit
Mr Arthur Clennam,Mr F's Aunt,2238,little-dorrit
Mr Arthur Clennam,Daniel Doyce,2238,little-dorrit
Mr Arthur Clennam,Mr F's Aunt,2238,little-dorrit
Mr Arthur Clennam,Flora Casby,2238,little-dorrit
Mr F's Aunt,Mr Arthur Clennam,2238,little-dorrit
Mr F's Aunt,Daniel Doyce,2238,little-dorrit
Mr F's Aunt,Flora Casby,2238,little-dorrit
Daniel Doyce,Mr Arthur Clennam,2238,little-dorrit
Daniel Doyce,Mr F's Aunt,2238,little-dorrit
Daniel Doyce,Mr F's Aunt,2238,little-dorrit
Daniel Doyce,Flora Casby,2238,little-dorrit
Mr F's Aunt,Mr Arthur Clennam,2238,little-dorrit
Mr F's Aunt,Daniel Doyce,2238,little-dorrit
Mr F's Aunt,Flora Casby,2238,little-dorrit
Flora Casby,Mr Arthur Clennam,2238,little-dorrit
Flora Casby,Mr F's Aunt,2238,little-dorrit
Flora Casby,Daniel Doyce,2238,little-dorrit
Flora Casby,Mr F's Aunt,2238,little-dorrit
Daniel Doyce,Flora Casby,2244,little-dorrit
Flora Casby,Daniel Doyce,2244,little-dorrit
Mr Arthur Clennam,Daniel Doyce,2246,little-dorrit
Daniel Doyce,Mr Arthur Clennam,2246,little-dorrit
Mr F's Aunt,Flora Casby,2248,little-dorrit
Mr F's Aunt,Flora Casby,2248,little-dorrit
Flora Casby,Mr F's Aunt,2248,little-dorrit
Flora Casby,Mr F's Aunt,2248,little-dorrit
Mr Arthur Clennam,Mr F's Aunt,2250,little-dorrit
Mr Arthur Clennam,Daniel Doyce,2250,little-dorrit
Mr Arthur Clennam,Mr F's Aunt,2250,little-dorrit
Mr F's Aunt,Mr Arthur Clennam,2250,little-dorrit
Mr F's Aunt,Daniel Doyce,2250,little-dorrit
Daniel Doyce,Mr Arthur Clennam,2250,little-dorrit
Daniel Doyce,Mr F's Aunt,2250,little-dorrit
Daniel Doyce,Mr F's Aunt,2250,little-dorrit
Mr F's Aunt,Mr Arthur Clennam,2250,little-dorrit
Mr F's Aunt,Daniel Doyce,2250,little-dorrit
Mr Arthur Clennam,Flora Casby,2253,little-dorrit
Flora Casby,Mr Arthur Clennam,2253,little-dorrit
Mr Arthur Clennam,Daniel Doyce,2254,little-dorrit
Mr Arthur Clennam,Flora Casby,2254,little-dorrit
Daniel Doyce,Mr Arthur Clennam,2254,little-dorrit
Daniel Doyce,Flora Casby,2254,little-dorrit
Flora Casby,Mr Arthur Clennam,2254,little-dorrit
Flora Casby,Daniel Doyce,2254,little-dorrit
Flora Casby,Mr Meagles,2256,little-dorrit
Mr Meagles,Flora Casby,2256,little-dorrit
Mr Arthur Clennam,Mr F's Aunt,2258,little-dorrit
Mr Arthur Clennam,Daniel Doyce,2258,little-dorrit
Mr Arthur Clennam,Mr F's Aunt,2258,little-dorrit
Mr F's Aunt,Mr Arthur Clennam,2258,little-dorrit
Mr F's Aunt,Daniel Doyce,2258,little-dorrit
Daniel Doyce,Mr Arthur Clennam,2258,little-dorrit
Daniel Doyce,Mr F's Aunt,2258,little-dorrit
Daniel Doyce,Mr F's Aunt,2258,little-dorrit
Mr F's Aunt,Mr Arthur Clennam,2258,little-dorrit
Mr F's Aunt,Daniel Doyce,2258,little-dorrit
Mr Arthur Clennam,Flora Casby,2264,little-dorrit
Mr Arthur Clennam,Mr Meagles,2264,little-dorrit
Flora Casby,Mr Arthur Clennam,2264,little-dorrit
Flora Casby,Mr Meagles,2264,little-dorrit
Mr Meagles,Mr Arthur Clennam,2264,little-dorrit
Mr Meagles,Flora Casby,2264,little-dorrit
Mr Arthur Clennam,Mr F's Aunt,2268,little-dorrit
Mr Arthur Clennam,Flora Casby,2268,little-dorrit
Mr F's Aunt,Mr Arthur Clennam,2268,little-dorrit
Mr F's Aunt,Flora Casby,2268,little-dorrit
Flora Casby,Mr Arthur Clennam,2268,little-dorrit
Flora Casby,Mr F's Aunt,2268,little-dorrit
Mr F's Aunt,Frederick Dorrit,2279,little-dorrit
Mr F's Aunt,Frederick Dorrit,2279,little-dorrit
Frederick Dorrit,Mr F's Aunt,2279,little-dorrit
Frederick Dorrit,Mr F's Aunt,2279,little-dorrit
Mr F's Aunt,Flora Casby,2280,little-dorrit
Mr F's Aunt,Flora Casby,2280,little-dorrit
Flora Casby,Mr F's Aunt,2280,little-dorrit
Flora Casby,Mr F's Aunt,2280,little-dorrit
Mr F's Aunt,Mr Plornish,2340,little-dorrit
Mr F's Aunt,Mr Plornish,2340,little-dorrit
Mr Plornish,Mr F's Aunt,2340,little-dorrit
Mr Plornish,Mr F's Aunt,2340,little-dorrit
Mr Arthur Clennam,Flora Casby,2351,little-dorrit
Flora Casby,Mr Arthur Clennam,2351,little-dorrit
Mr Arthur Clennam,Flora Casby,2353,little-dorrit
Flora Casby,Mr Arthur Clennam,2353,little-dorrit
Mr F's Aunt,Flora Casby,2357,little-dorrit
Mr F's Aunt,Flora Casby,2357,little-dorrit
Flora Casby,Mr F's Aunt,2357,little-dorrit
Flora Casby,Mr F's Aunt,2357,little-dorrit
Mr F's Aunt,Flora Casby,2359,little-dorrit
Flora Casby,Mr F's Aunt,2359,little-dorrit
Mr Arthur Clennam,Mr F's Aunt,2361,little-dorrit
Mr Arthur Clennam,Mr F's Aunt,2361,little-dorrit
Mr Arthur Clennam,Flora Casby,2361,little-dorrit
Mr F's Aunt,Mr Arthur Clennam,2361,little-dorrit
Mr F's Aunt,Flora Casby,2361,little-dorrit
Mr F's Aunt,Mr Arthur Clennam,2361,little-dorrit
Mr F's Aunt,Flora Casby,2361,little-dorrit
Flora Casby,Mr Arthur Clennam,2361,little-dorrit
Flora Casby,Mr F's Aunt,2361,little-dorrit
Flora Casby,Mr F's Aunt,2361,little-dorrit
Mr Arthur Clennam,Flora Casby,2363,little-dorrit
Flora Casby,Mr Arthur Clennam,2363,little-dorrit
Mr Arthur Clennam,Mr F's Aunt,2375,little-dorrit
Mr Arthur Clennam,Flora Casby,2375,little-dorrit
Mr F's Aunt,Mr Arthur Clennam,2375,little-dorrit
Mr F's Aunt,Flora Casby,2375,little-dorrit
Flora Casby,Mr Arthur Clennam,2375,little-dorrit
Flora Casby,Mr F's Aunt,2375,little-dorrit
Mr Arthur Clennam,Mr F's Aunt,2381,little-dorrit
Mr F's Aunt,Mr Arthur Clennam,2381,little-dorrit
Mr Arthur Clennam,Flora Casby,2383,little-dorrit
Flora Casby,Mr Arthur Clennam,2383,little-dorrit
Mr Arthur Clennam,Flora Casby,2385,little-dorrit
Flora Casby,Mr Arthur Clennam,2385,little-dorrit
Mr F's Aunt,Flora Casby,2392,little-dorrit
Mr F's Aunt,Flora Casby,2392,little-dorrit
Flora Casby,Mr F's Aunt,2392,little-dorrit
Flora Casby,Mr F's Aunt,2392,little-dorrit
Mr Plornish,Tip Dorrit,2423,little-dorrit
Tip Dorrit,Mr Plornish,2423,little-dorrit
Mr Tite Barnacle,Lord Decimus Barnacle,2524,little-dorrit
Lord Decimus Barnacle,Mr Tite Barnacle,2524,little-dorrit
Mr Arthur Clennam,John Baptist Cavalletto,2525,little-dorrit
Mr Arthur Clennam,Mr Plornish,2525,little-dorrit
John Baptist Cavalletto,Mr Arthur Clennam,2525,little-dorrit
John Baptist Cavalletto,Mr Plornish,2525,little-dorrit
Mr Plornish,Mr Arthur Clennam,2525,little-dorrit
Mr Plornish,John Baptist Cavalletto,2525,little-dorrit
John Baptist Cavalletto,Mr Plornish,2526,little-dorrit
Mr Plornish,John Baptist Cavalletto,2526,little-dorrit
John Baptist Cavalletto,Mr Plornish,2530,little-dorrit
Mr Plornish,John Baptist Cavalletto,2530,little-dorrit
John Baptist Cavalletto,Mr Plornish,2532,little-dorrit
Mr Plornish,John Baptist Cavalletto,2532,little-dorrit
John Baptist Cavalletto,Mr Plornish,2534,little-dorrit
Mr Plornish,John Baptist Cavalletto,2534,little-dorrit
Mr Arthur Clennam,Henry Gowan,2548,little-dorrit
Henry Gowan,Mr Arthur Clennam,2548,little-dorrit
Daniel Doyce,Henry Gowan,2549,little-dorrit
Daniel Doyce,Henry Gowan,2549,little-dorrit
Henry Gowan,Daniel Doyce,2549,little-dorrit
Henry Gowan,Daniel Doyce,2549,little-dorrit
Daniel Doyce,Miss Minnie Meagles,2556,little-dorrit
Miss Minnie Meagles,Daniel Doyce,2556,little-dorrit
Mr Arthur Clennam,Miss Wade,2740,little-dorrit
Miss Wade,Mr Arthur Clennam,2740,little-dorrit
Mr Arthur Clennam,Miss Wade,2770,little-dorrit
Miss Wade,Mr Arthur Clennam,2770,little-dorrit
Daniel Doyce,Tattycoram,2772,little-dorrit
Tattycoram,Daniel Doyce,2772,little-dorrit
Rigaud,Jeremiah Flintwinch,2922,little-dorrit
Jeremiah Flintwinch,Rigaud,2922,little-dorrit
Rigaud,Jeremiah Flintwinch,2924,little-dorrit
Jeremiah Flintwinch,Rigaud,2924,little-dorrit
Rigaud,Jeremiah Flintwinch,2927,little-dorrit
Rigaud,Jeremiah Flintwinch,2927,little-dorrit
Jeremiah Flintwinch,Rigaud,2927,little-dorrit
Jeremiah Flintwinch,Rigaud,2927,little-dorrit
Rigaud,Jeremiah Flintwinch,2929,little-dorrit
Jeremiah Flintwinch,Rigaud,2929,little-dorrit
Rigaud,Jeremiah Flintwinch,2932,little-dorrit
Jeremiah Flintwinch,Rigaud,2932,little-dorrit
Rigaud,Jeremiah Flintwinch,2933,little-dorrit
Jeremiah Flintwinch,Rigaud,2933,little-dorrit
Rigaud,Jeremiah Flintwinch,2936,little-dorrit
Jeremiah Flintwinch,Rigaud,2936,little-dorrit
Rigaud,Jeremiah Flintwinch,2938,little-dorrit
Jeremiah Flintwinch,Rigaud,2938,little-dorrit
Rigaud,Jeremiah Flintwinch,2940,little-dorrit
Jeremiah Flintwinch,Rigaud,2940,little-dorrit
Rigaud,Jeremiah Flintwinch,2942,little-dorrit
Jeremiah Flintwinch,Rigaud,2942,little-dorrit
Rigaud,Jeremiah Flintwinch,2945,little-dorrit
Jeremiah Flintwinch,Rigaud,2945,little-dorrit
Rigaud,Jeremiah Flintwinch,2957,little-dorrit
Jeremiah Flintwinch,Rigaud,2957,little-dorrit
Rigaud,Jeremiah Flintwinch,2972,little-dorrit
Jeremiah Flintwinch,Rigaud,2972,little-dorrit
Rigaud,Mr F's Aunt,2979,little-dorrit
Mr F's Aunt,Rigaud,2979,little-dorrit
Rigaud,Mr F's Aunt,2982,little-dorrit
Mr F's Aunt,Rigaud,2982,little-dorrit
Rigaud,Jeremiah Flintwinch,2990,little-dorrit
Jeremiah Flintwinch,Rigaud,2990,little-dorrit
Rigaud,Jeremiah Flintwinch,2998,little-dorrit
Jeremiah Flintwinch,Rigaud,2998,little-dorrit
Rigaud,Jeremiah Flintwinch,3006,little-dorrit
Jeremiah Flintwinch,Rigaud,3006,little-dorrit
Mr Arthur Clennam,Rigaud,3009,little-dorrit
Mr Arthur Clennam,Jeremiah Flintwinch,3009,little-dorrit
Mr Arthur Clennam,Jeremiah Flintwinch,3009,little-dorrit
Rigaud,Mr Arthur Clennam,3009,little-dorrit
Rigaud,Jeremiah Flintwinch,3009,little-dorrit
Rigaud,Jeremiah Flintwinch,3009,little-dorrit
Jeremiah Flintwinch,Mr Arthur Clennam,3009,little-dorrit
Jeremiah Flintwinch,Rigaud,3009,little-dorrit
Jeremiah Flintwinch,Mr Arthur Clennam,3009,little-dorrit
Jeremiah Flintwinch,Rigaud,3009,little-dorrit
Rigaud,Jeremiah Flintwinch,3010,little-dorrit
Jeremiah Flintwinch,Rigaud,3010,little-dorrit
Rigaud,Jeremiah Flintwinch,3011,little-dorrit
Jeremiah Flintwinch,Rigaud,3011,little-dorrit
Rigaud,Jeremiah Flintwinch,3022,little-dorrit
Jeremiah Flintwinch,Rigaud,3022,little-dorrit
Rigaud,Jeremiah Flintwinch,3027,little-dorrit
Jeremiah Flintwinch,Rigaud,3027,little-dorrit
Rigaud,Jeremiah Flintwinch,3034,little-dorrit
Jeremiah Flintwinch,Rigaud,3034,little-dorrit
Rigaud,Jeremiah Flintwinch,3036,little-dorrit
Jeremiah Flintwinch,Rigaud,3036,little-dorrit
Rigaud,Jeremiah Flintwinch,3045,little-dorrit
Jeremiah Flintwinch,Rigaud,3045,little-dorrit
Rigaud,Jeremiah Flintwinch,3046,little-dorrit
Jeremiah Flintwinch,Rigaud,3046,little-dorrit
Rigaud,Jeremiah Flintwinch,3049,little-dorrit
Rigaud,Jeremiah Flintwinch,3049,little-dorrit
Jeremiah Flintwinch,Rigaud,3049,little-dorrit
Jeremiah Flintwinch,Rigaud,3049,little-dorrit
Old Nandy,Mr Plornish,3054,little-dorrit
Mr Plornish,Old Nandy,3054,little-dorrit
Old Nandy,Mr Plornish,3056,little-dorrit
Mr Plornish,Old Nandy,3056,little-dorrit
Tip Dorrit,Old Nandy,3065,little-dorrit
Old Nandy,Tip Dorrit,3065,little-dorrit
Little Dorrit,Fanny Dorrit,3088,little-dorrit
Fanny Dorrit,Little Dorrit,3088,little-dorrit
Little Dorrit,Maggy,3119,little-dorrit
Maggy,Little Dorrit,3119,little-dorrit
Little Dorrit,Fanny Dorrit,3120,little-dorrit
Little Dorrit,Old Nandy,3120,little-dorrit
Little Dorrit,Mr Plornish,3120,little-dorrit
Fanny Dorrit,Little Dorrit,3120,little-dorrit
Fanny Dorrit,Old Nandy,3120,little-dorrit
Fanny Dorrit,Mr Plornish,3120,little-dorrit
Old Nandy,Little Dorrit,3120,little-dorrit
Old Nandy,Fanny Dorrit,3120,little-dorrit
Old Nandy,Mr Plornish,3120,little-dorrit
Mr Plornish,Little Dorrit,3120,little-dorrit
Mr Plornish,Fanny Dorrit,3120,little-dorrit
Mr Plornish,Old Nandy,3120,little-dorrit
Little Dorrit,Fanny Dorrit,3142,little-dorrit
Fanny Dorrit,Little Dorrit,3142,little-dorrit
Little Dorrit,Mr Arthur Clennam,3145,little-dorrit
Little Dorrit,Fanny Dorrit,3145,little-dorrit
Little Dorrit,Maggy,3145,little-dorrit
Little Dorrit,Tip Dorrit,3145,little-dorrit
Mr Arthur Clennam,Little Dorrit,3145,little-dorrit
Mr Arthur Clennam,Fanny Dorrit,3145,little-dorrit
Mr Arthur Clennam,Maggy,3145,little-dorrit
Mr Arthur Clennam,Tip Dorrit,3145,little-dorrit
Fanny Dorrit,Little Dorrit,3145,little-dorrit
Fanny Dorrit,Mr Arthur Clennam,3145,little-dorrit
Fanny Dorrit,Maggy,3145,little-dorrit
Fanny Dorrit,Tip Dorrit,3145,little-dorrit
Maggy,Little Dorrit,3145,little-dorrit
Maggy,Mr Arthur Clennam,3145,little-dorrit
Maggy,Fanny Dorrit,3145,little-dorrit
Maggy,Tip Dorrit,3145,little-dorrit
Tip Dorrit,Little Dorrit,3145,little-dorrit
Tip Dorrit,Mr Arthur Clennam,3145,little-dorrit
Tip Dorrit,Fanny Dorrit,3145,little-dorrit
Tip Dorrit,Maggy,3145,little-dorrit
Little Dorrit,Tip Dorrit,3147,little-dorrit
Tip Dorrit,Little Dorrit,3147,little-dorrit
Little Dorrit,Tip Dorrit,3167,little-dorrit
Tip Dorrit,Little Dorrit,3167,little-dorrit
Mr Arthur Clennam,Maggy,3226,little-dorrit
Maggy,Mr Arthur Clennam,3226,little-dorrit
Mr Tite Barnacle,Henry Gowan,3285,little-dorrit
Henry Gowan,Mr Tite Barnacle,3285,little-dorrit
Mr Arthur Clennam,Henry Gowan,3286,little-dorrit
Henry Gowan,Mr Arthur Clennam,3286,little-dorrit
Bar,Bishop,3287,little-dorrit
Bishop,Bar,3287,little-dorrit
Mr Arthur Clennam,Henry Gowan,3315,little-dorrit
Henry Gowan,Mr Arthur Clennam,3315,little-dorrit
Mr Tite Barnacle,William Dorrit,3411,little-dorrit
Mr Tite Barnacle,Lord Decimus Barnacle,3411,little-dorrit
William Dorrit,Mr Tite Barnacle,3411,little-dorrit
William Dorrit,Lord Decimus Barnacle,3411,little-dorrit
Lord Decimus Barnacle,Mr Tite Barnacle,3411,little-dorrit
Lord Decimus Barnacle,William Dorrit,3411,little-dorrit
Mr Tite Barnacle,Lord Decimus Barnacle,3412,little-dorrit
Lord Decimus Barnacle,Mr Tite Barnacle,3412,little-dorrit
Mr Tite Barnacle,Lord Decimus Barnacle,3415,little-dorrit
Lord Decimus Barnacle,Mr Tite Barnacle,3415,little-dorrit
Mr Tite Barnacle,Lord Decimus Barnacle,3416,little-dorrit
Mr Tite Barnacle,Thomas,3416,little-dorrit
Lord Decimus Barnacle,Mr Tite Barnacle,3416,little-dorrit
Lord Decimus Barnacle,Thomas,3416,little-dorrit
Thomas,Mr Tite Barnacle,3416,little-dorrit
Thomas,Lord Decimus Barnacle,3416,little-dorrit
Little Dorrit,Flora Casby,3443,little-dorrit
Flora Casby,Little Dorrit,3443,little-dorrit
Mr Arthur Clennam,Daniel Doyce,3447,little-dorrit
Daniel Doyce,Mr Arthur Clennam,3447,little-dorrit
Mr Arthur Clennam,Daniel Doyce,3449,little-dorrit
Mr Arthur Clennam,Flora Casby,3449,little-dorrit
Daniel Doyce,Mr Arthur Clennam,3449,little-dorrit
Daniel Doyce,Flora Casby,3449,little-dorrit
Flora Casby,Mr Arthur Clennam,3449,little-dorrit
Flora Casby,Daniel Doyce,3449,little-dorrit
Mr Arthur Clennam,Daniel Doyce,3451,little-dorrit
Mr Arthur Clennam,Mr F's Aunt,3451,little-dorrit
Daniel Doyce,Mr Arthur Clennam,3451,little-dorrit
Daniel Doyce,Mr F's Aunt,3451,little-dorrit
Mr F's Aunt,Mr Arthur Clennam,3451,little-dorrit
Mr F's Aunt,Daniel Doyce,3451,little-dorrit
Mr Arthur Clennam,Flora Casby,3454,little-dorrit
Flora Casby,Mr Arthur Clennam,3454,little-dorrit
Mr Arthur Clennam,Mr F's Aunt,3455,little-dorrit
Mr Arthur Clennam,Daniel Doyce,3455,little-dorrit
Mr Arthur Clennam,Mr F's Aunt,3455,little-dorrit
Mr Arthur Clennam,Flora Casby,3455,little-dorrit
Mr F's Aunt,Mr Arthur Clennam,3455,little-dorrit
Mr F's Aunt,Daniel Doyce,3455,little-dorrit
Mr F's Aunt,Flora Casby,3455,little-dorrit
Daniel Doyce,Mr Arthur Clennam,3455,little-dorrit
Daniel Doyce,Mr F's Aunt,3455,little-dorrit
Daniel Doyce,Mr F's Aunt,3455,little-dorrit
Daniel Doyce,Flora Casby,3455,little-dorrit
Mr F's Aunt,Mr Arthur Clennam,3455,little-dorrit
Mr F's Aunt,Daniel Doyce,3455,little-dorrit
Mr F's Aunt,Flora Casby,3455,little-dorrit
Flora Casby,Mr Arthur Clennam,3455,little-dorrit
Flora Casby,Mr F's Aunt,3455,little-dorrit
Flora Casby,Daniel Doyce,3455,little-dorrit
Flora Casby,Mr F's Aunt,3455,little-dorrit
Mr Arthur Clennam,Flora Casby,3456,little-dorrit
Flora Casby,Mr Arthur Clennam,3456,little-dorrit
Mr F's Aunt,Daniel Doyce,3474,little-dorrit
Mr F's Aunt,Flora Casby,3474,little-dorrit
Daniel Doyce,Mr F's Aunt,3474,little-dorrit
Daniel Doyce,Mr F's Aunt,3474,little-dorrit
Daniel Doyce,Flora Casby,3474,little-dorrit
Mr F's Aunt,Daniel Doyce,3474,little-dorrit
Mr F's Aunt,Flora Casby,3474,little-dorrit
Flora Casby,Mr F's Aunt,3474,little-dorrit
Flora Casby,Daniel Doyce,3474,little-dorrit
Flora Casby,Mr F's Aunt,3474,little-dorrit
Mr Arthur Clennam,Daniel Doyce,3477,little-dorrit
Mr Arthur Clennam,Mr F's Aunt,3477,little-dorrit
Daniel Doyce,Mr Arthur Clennam,3477,little-dorrit
Daniel Doyce,Mr F's Aunt,3477,little-dorrit
Mr F's Aunt,Mr Arthur Clennam,3477,little-dorrit
Mr F's Aunt,Daniel Doyce,3477,little-dorrit
Little Dorrit,Maggy,3506,little-dorrit
Maggy,Little Dorrit,3506,little-dorrit
Fanny Dorrit,Tip Dorrit,3541,little-dorrit
Tip Dorrit,Fanny Dorrit,3541,little-dorrit
Mr Arthur Clennam,Tip Dorrit,3542,little-dorrit
Tip Dorrit,Mr Arthur Clennam,3542,little-dorrit
Tip Dorrit,Fanny Dorrit,3566,little-dorrit
Tip Dorrit,Maggy,3566,little-dorrit
Tip Dorrit,Mr Plornish,3566,little-dorrit
Fanny Dorrit,Tip Dorrit,3566,little-dorrit
Fanny Dorrit,Maggy,3566,little-dorrit
Fanny Dorrit,Mr Plornish,3566,little-dorrit
Fanny Dorrit,Tip Dorrit,3566,little-dorrit
Maggy,Tip Dorrit,3566,little-dorrit
Maggy,Fanny Dorrit,3566,little-dorrit
Maggy,Mr Plornish,3566,little-dorrit
Maggy,Tip Dorrit,3566,little-dorrit
Mr Plornish,Tip Dorrit,3566,little-dorrit
Mr Plornish,Fanny Dorrit,3566,little-dorrit
Mr Plornish,Maggy,3566,little-dorrit
Mr Plornish,Tip Dorrit,3566,little-dorrit
Tip Dorrit,Fanny Dorrit,3566,little-dorrit
Tip Dorrit,Maggy,3566,little-dorrit
Tip Dorrit,Mr Plornish,3566,little-dorrit
Little Dorrit,Fanny Dorrit,3570,little-dorrit
Fanny Dorrit,Little Dorrit,3570,little-dorrit
Little Dorrit,Tip Dorrit,3735,little-dorrit
Little Dorrit,Frederick Dorrit,3735,little-dorrit
Tip Dorrit,Little Dorrit,3735,little-dorrit
Tip Dorrit,Frederick Dorrit,3735,little-dorrit
Frederick Dorrit,Little Dorrit,3735,little-dorrit
Frederick Dorrit,Tip Dorrit,3735,little-dorrit
Little Dorrit,Tip Dorrit,3774,little-dorrit
Little Dorrit,Tip Dorrit,3774,little-dorrit
Tip Dorrit,Little Dorrit,3774,little-dorrit
Tip Dorrit,Little Dorrit,3774,little-dorrit
Little Dorrit,Tip Dorrit,3781,little-dorrit
Tip Dorrit,Little Dorrit,3781,little-dorrit
Little Dorrit,Fanny Dorrit,3787,little-dorrit
Fanny Dorrit,Little Dorrit,3787,little-dorrit
Little Dorrit,Fanny Dorrit,3796,little-dorrit
Fanny Dorrit,Little Dorrit,3796,little-dorrit
Little Dorrit,Fanny Dorrit,3806,little-dorrit
Fanny Dorrit,Little Dorrit,3806,little-dorrit
Little Dorrit,Tip Dorrit,3812,little-dorrit
Little Dorrit,Frederick Dorrit,3812,little-dorrit
Tip Dorrit,Little Dorrit,3812,little-dorrit
Tip Dorrit,Frederick Dorrit,3812,little-dorrit
Frederick Dorrit,Little Dorrit,3812,little-dorrit
Frederick Dorrit,Tip Dorrit,3812,little-dorrit
Tip Dorrit,Fanny Dorrit,3825,little-dorrit
Fanny Dorrit,Tip Dorrit,3825,little-dorrit
Edmund Sparkler,Tip Dorrit,3836,little-dorrit
Tip Dorrit,Edmund Sparkler,3836,little-dorrit
Edmund Sparkler,Fanny Dorrit,3840,little-dorrit
Fanny Dorrit,Edmund Sparkler,3840,little-dorrit
Maggy,Old Nandy,3862,little-dorrit
Maggy,Mr Plornish,3862,little-dorrit
Old Nandy,Maggy,3862,little-dorrit
Old Nandy,Mr Plornish,3862,little-dorrit
Mr Plornish,Maggy,3862,little-dorrit
Mr Plornish,Old Nandy,3862,little-dorrit
Little Dorrit,Fanny Dorrit,3883,little-dorrit
Fanny Dorrit,Little Dorrit,3883,little-dorrit
Little Dorrit,Mr Tinkler,3910,little-dorrit
Mr Tinkler,Little Dorrit,3910,little-dorrit
Little Dorrit,Fanny Dorrit,3920,little-dorrit
Fanny Dorrit,Little Dorrit,3920,little-dorrit
Tip Dorrit,Fanny Dorrit,3949,little-dorrit
Fanny Dorrit,Tip Dorrit,3949,little-dorrit
Fanny Dorrit,Frederick Dorrit,3950,little-dorrit
Frederick Dorrit,Fanny Dorrit,3950,little-dorrit
Fanny Dorrit,Frederick Dorrit,3953,little-dorrit
Frederick Dorrit,Fanny Dorrit,3953,little-dorrit
Fanny Dorrit,Mr Meagles,3957,little-dorrit
Fanny Dorrit,Frederick Dorrit,3957,little-dorrit
Mr Meagles,Fanny Dorrit,3957,little-dorrit
Mr Meagles,Frederick Dorrit,3957,little-dorrit
Frederick Dorrit,Fanny Dorrit,3957,little-dorrit
Frederick Dorrit,Mr Meagles,3957,little-dorrit
Little Dorrit,Fanny Dorrit,3958,little-dorrit
Fanny Dorrit,Little Dorrit,3958,little-dorrit
Tip Dorrit,Fanny Dorrit,3977,little-dorrit
Fanny Dorrit,Tip Dorrit,3977,little-dorrit
Tip Dorrit,Fanny Dorrit,3979,little-dorrit
Tip Dorrit,Frederick Dorrit,3979,little-dorrit
Fanny Dorrit,Tip Dorrit,3979,little-dorrit
Fanny Dorrit,Frederick Dorrit,3979,little-dorrit
Frederick Dorrit,Tip Dorrit,3979,little-dorrit
Frederick Dorrit,Fanny Dorrit,3979,little-dorrit
Fanny Dorrit,Frederick Dorrit,3985,little-dorrit
Frederick Dorrit,Fanny Dorrit,3985,little-dorrit
Little Dorrit,Fanny Dorrit,3987,little-dorrit
Fanny Dorrit,Little Dorrit,3987,little-dorrit
Tip Dorrit,Fanny Dorrit,3990,little-dorrit
Fanny Dorrit,Tip Dorrit,3990,little-dorrit
Fanny Dorrit,Frederick Dorrit,3994,little-dorrit
Frederick Dorrit,Fanny Dorrit,3994,little-dorrit
Tip Dorrit,Fanny Dorrit,3998,little-dorrit
Fanny Dorrit,Tip Dorrit,3998,little-dorrit
Rigaud,Miss Minnie Meagles,4007,little-dorrit
Miss Minnie Meagles,Rigaud,4007,little-dorrit
Fanny Dorrit,Frederick Dorrit,4008,little-dorrit
Frederick Dorrit,Fanny Dorrit,4008,little-dorrit
Fanny Dorrit,Mr Meagles,4013,little-dorrit
Mr Meagles,Fanny Dorrit,4013,little-dorrit
Fanny Dorrit,Henry Gowan,4030,little-dorrit
Henry Gowan,Fanny Dorrit,4030,little-dorrit
Rigaud,Miss Minnie Meagles,4052,little-dorrit
Miss Minnie Meagles,Rigaud,4052,little-dorrit
Fanny Dorrit,Miss Minnie Meagles,4053,little-dorrit
Miss Minnie Meagles,Fanny Dorrit,4053,little-dorrit
Rigaud,Fanny Dorrit,4058,little-dorrit
Fanny Dorrit,Rigaud,4058,little-dorrit
Fanny Dorrit,Frederick Dorrit,4062,little-dorrit
Frederick Dorrit,Fanny Dorrit,4062,little-dorrit
Little Dorrit,Fanny Dorrit,4084,little-dorrit
Fanny Dorrit,Little Dorrit,4084,little-dorrit
Little Dorrit,Lord Decimus Barnacle,4106,little-dorrit
Lord Decimus Barnacle,Little Dorrit,4106,little-dorrit
Little Dorrit,Fanny Dorrit,4116,little-dorrit
Fanny Dorrit,Little Dorrit,4116,little-dorrit
Rigaud,Fanny Dorrit,4118,little-dorrit
Fanny Dorrit,Rigaud,4118,little-dorrit
Rigaud,Fanny Dorrit,4119,little-dorrit
Fanny Dorrit,Rigaud,4119,little-dorrit
Little Dorrit,Fanny Dorrit,4132,little-dorrit
Fanny Dorrit,Little Dorrit,4132,little-dorrit
Little Dorrit,Fanny Dorrit,4136,little-dorrit
Fanny Dorrit,Little Dorrit,4136,little-dorrit
Little Dorrit,Fanny Dorrit,4139,little-dorrit
Fanny Dorrit,Little Dorrit,4139,little-dorrit
Little Dorrit,Fanny Dorrit,4141,little-dorrit
Fanny Dorrit,Little Dorrit,4141,little-dorrit
Little Dorrit,Fanny Dorrit,4143,little-dorrit
Fanny Dorrit,Little Dorrit,4143,little-dorrit
Little Dorrit,Fanny Dorrit,4145,little-dorrit
Fanny Dorrit,Little Dorrit,4145,little-dorrit
Little Dorrit,Fanny Dorrit,4153,little-dorrit
Fanny Dorrit,Little Dorrit,4153,little-dorrit
Tip Dorrit,Fanny Dorrit,4160,little-dorrit
Fanny Dorrit,Tip Dorrit,4160,little-dorrit
Mr Tite Barnacle,Fanny Dorrit,4176,little-dorrit
Fanny Dorrit,Mr Tite Barnacle,4176,little-dorrit
Fanny Dorrit,Mr Meagles,4205,little-dorrit
Mr Meagles,Fanny Dorrit,4205,little-dorrit
Fanny Dorrit,Mr Meagles,4207,little-dorrit
Mr Meagles,Fanny Dorrit,4207,little-dorrit
Mr Arthur Clennam,Daniel Doyce,4239,little-dorrit
Mr Arthur Clennam,Daniel Doyce,4239,little-dorrit
Daniel Doyce,Mr Arthur Clennam,4239,little-dorrit
Daniel Doyce,Mr Arthur Clennam,4239,little-dorrit
Henry Gowan,Mr Meagles,4269,little-dorrit
Mr Meagles,Henry Gowan,4269,little-dorrit
Mr Arthur Clennam,John Baptist Cavalletto,4322,little-dorrit
Mr Arthur Clennam,Tattycoram,4322,little-dorrit
John Baptist Cavalletto,Mr Arthur Clennam,4322,little-dorrit
John Baptist Cavalletto,Tattycoram,4322,little-dorrit
Tattycoram,Mr Arthur Clennam,4322,little-dorrit
Tattycoram,John Baptist Cavalletto,4322,little-dorrit
Mr Arthur Clennam,Henry Gowan,4325,little-dorrit
Henry Gowan,Mr Arthur Clennam,4325,little-dorrit
Tattycoram,Miss Wade,4366,little-dorrit
Miss Wade,Tattycoram,4366,little-dorrit
Tattycoram,Miss Wade,4369,little-dorrit
Miss Wade,Tattycoram,4369,little-dorrit
Flora Casby,Tattycoram,4370,little-dorrit
Tattycoram,Flora Casby,4370,little-dorrit
Mr Arthur Clennam,Flora Casby,4371,little-dorrit
Flora Casby,Mr Arthur Clennam,4371,little-dorrit
Mr F's Aunt,Flora Casby,4372,little-dorrit
Mr F's Aunt,Flora Casby,4372,little-dorrit
Flora Casby,Mr F's Aunt,4372,little-dorrit
Flora Casby,Mr F's Aunt,4372,little-dorrit
Mr Arthur Clennam,Daniel Doyce,4374,little-dorrit
Mr Arthur Clennam,Mr F's Aunt,4374,little-dorrit
Mr Arthur Clennam,Flora Casby,4374,little-dorrit
Daniel Doyce,Mr Arthur Clennam,4374,little-dorrit
Daniel Doyce,Mr F's Aunt,4374,little-dorrit
Daniel Doyce,Flora Casby,4374,little-dorrit
Mr F's Aunt,Mr Arthur Clennam,4374,little-dorrit
Mr F's Aunt,Daniel Doyce,4374,little-dorrit
Mr F's Aunt,Flora Casby,4374,little-dorrit
Flora Casby,Mr Arthur Clennam,4374,little-dorrit
Flora Casby,Daniel Doyce,4374,little-dorrit
Flora Casby,Mr F's Aunt,4374,little-dorrit
Mr F's Aunt,Flora Casby,4376,little-dorrit
Flora Casby,Mr F's Aunt,4376,little-dorrit
Mr F's Aunt,Flora Casby,4377,little-dorrit
Mr F's Aunt,Flora Casby,4377,little-dorrit
Flora Casby,Mr F's Aunt,4377,little-dorrit
Flora Casby,Mr F's Aunt,4377,little-dorrit
Mr F's Aunt,Flora Casby,4379,little-dorrit
Flora Casby,Mr F's Aunt,4379,little-dorrit
Mr Arthur Clennam,Flora Casby,4380,little-dorrit
Flora Casby,Mr Arthur Clennam,4380,little-dorrit
Mr Arthur Clennam,Daniel Doyce,4381,little-dorrit
Daniel Doyce,Mr Arthur Clennam,4381,little-dorrit
Mr Arthur Clennam,Flora Casby,4382,little-dorrit
Flora Casby,Mr Arthur Clennam,4382,little-dorrit
Mr Arthur Clennam,Flora Casby,4384,little-dorrit
Flora Casby,Mr Arthur Clennam,4384,little-dorrit
Mr Arthur Clennam,Mr F's Aunt,4386,little-dorrit
Mr Arthur Clennam,Mr F's Aunt,4386,little-dorrit
Mr Arthur Clennam,Flora Casby,4386,little-dorrit
Mr Arthur Clennam,Mr Meagles,4386,little-dorrit
Mr F's Aunt,Mr Arthur Clennam,4386,little-dorrit
Mr F's Aunt,Flora Casby,4386,little-dorrit
Mr F's Aunt,Mr Meagles,4386,little-dorrit
Mr F's Aunt,Mr Arthur Clennam,4386,little-dorrit
Mr F's Aunt,Flora Casby,4386,little-dorrit
Mr F's Aunt,Mr Meagles,4386,little-dorrit
Flora Casby,Mr Arthur Clennam,4386,little-dorrit
Flora Casby,Mr F's Aunt,4386,little-dorrit
Flora Casby,Mr F's Aunt,4386,little-dorrit
Flora Casby,Mr Meagles,4386,little-dorrit
Mr Meagles,Mr Arthur Clennam,4386,little-dorrit
Mr Meagles,Mr F's Aunt,4386,little-dorrit
Mr Meagles,Mr F's Aunt,4386,little-dorrit
Mr Meagles,Flora Casby,4386,little-dorrit
Mr F's Aunt,Flora Casby,4390,little-dorrit
Mr F's Aunt,Flora Casby,4390,little-dorrit
Flora Casby,Mr F's Aunt,4390,little-dorrit
Flora Casby,Mr F's Aunt,4390,little-dorrit
Mr F's Aunt,Flora Casby,4393,little-dorrit
Mr F's Aunt,Flora Casby,4393,little-dorrit
Flora Casby,Mr F's Aunt,4393,little-dorrit
Flora Casby,Mr F's Aunt,4393,little-dorrit
Mr F's Aunt,Flora Casby,4394,little-dorrit
Mr F's Aunt,Flora Casby,4394,little-dorrit
Flora Casby,Mr F's Aunt,4394,little-dorrit
Flora Casby,Mr F's Aunt,4394,little-dorrit
Mr Arthur Clennam,Flora Casby,4395,little-dorrit
Flora Casby,Mr Arthur Clennam,4395,little-dorrit
Mr Arthur Clennam,Tattycoram,4442,little-dorrit
Mr Arthur Clennam,Miss Wade,4442,little-dorrit
Tattycoram,Mr Arthur Clennam,4442,little-dorrit
Tattycoram,Miss Wade,4442,little-dorrit
Miss Wade,Mr Arthur Clennam,4442,little-dorrit
Miss Wade,Tattycoram,4442,little-dorrit
Rigaud,Jeremiah Flintwinch,4459,little-dorrit
Jeremiah Flintwinch,Rigaud,4459,little-dorrit
Mr Arthur Clennam,Rigaud,4465,little-dorrit
Rigaud,Mr Arthur Clennam,4465,little-dorrit
Mr Arthur Clennam,Rigaud,4467,little-dorrit
Rigaud,Mr Arthur Clennam,4467,little-dorrit
Mr Arthur Clennam,Jeremiah Flintwinch,4480,little-dorrit
Jeremiah Flintwinch,Mr Arthur Clennam,4480,little-dorrit
Mr Arthur Clennam,Jeremiah Flintwinch,4487,little-dorrit
Jeremiah Flintwinch,Mr Arthur Clennam,4487,little-dorrit
Mr Arthur Clennam,Rigaud,4488,little-dorrit
Mr Arthur Clennam,Jeremiah Flintwinch,4488,little-dorrit
Rigaud,Mr Arthur Clennam,4488,little-dorrit
Rigaud,Jeremiah Flintwinch,4488,little-dorrit
Jeremiah Flintwinch,Mr Arthur Clennam,4488,little-dorrit
Jeremiah Flintwinch,Rigaud,4488,little-dorrit
Rigaud,Jeremiah Flintwinch,4493,little-dorrit
Jeremiah Flintwinch,Rigaud,4493,little-dorrit
Rigaud,Jeremiah Flintwinch,4498,little-dorrit
Jeremiah Flintwinch,Rigaud,4498,little-dorrit
Tip Dorrit,Fanny Dorrit,4526,little-dorrit
Fanny Dorrit,Tip Dorrit,4526,little-dorrit
Mr Tite Barnacle,Lord Decimus Barnacle,4539,little-dorrit
Lord Decimus Barnacle,Mr Tite Barnacle,4539,little-dorrit
Bar,Mr Tite Barnacle,4544,little-dorrit
Mr Tite Barnacle,Bar,4544,little-dorrit
Bar,Mr Tite Barnacle,4547,little-dorrit
Mr Tite Barnacle,Bar,4547,little-dorrit
Bar,Mr Tite Barnacle,4551,little-dorrit
Mr Tite Barnacle,Bar,4551,little-dorrit
Bar,Bishop,4557,little-dorrit
Bishop,Bar,4557,little-dorrit
Bar,Mr Tite Barnacle,4558,little-dorrit
Mr Tite Barnacle,Bar,4558,little-dorrit
Mr Tite Barnacle,Dr Johnson,4559,little-dorrit
Dr Johnson,Mr Tite Barnacle,4559,little-dorrit
Bar,Mr Tite Barnacle,4561,little-dorrit
Bar,Bishop,4561,little-dorrit
Bar,Lord Decimus Barnacle,4561,little-dorrit
Mr Tite Barnacle,Bar,4561,little-dorrit
Mr Tite Barnacle,Bishop,4561,little-dorrit
Mr Tite Barnacle,Lord Decimus Barnacle,4561,little-dorrit
Bishop,Bar,4561,little-dorrit
Bishop,Mr Tite Barnacle,4561,little-dorrit
Bishop,Lord Decimus Barnacle,4561,little-dorrit
Lord Decimus Barnacle,Bar,4561,little-dorrit
Lord Decimus Barnacle,Mr Tite Barnacle,4561,little-dorrit
Lord Decimus Barnacle,Bishop,4561,little-dorrit
Bar,Lord Decimus Barnacle,4562,little-dorrit
Lord Decimus Barnacle,Bar,4562,little-dorrit
Bar,Lord Decimus Barnacle,4563,little-dorrit
Lord Decimus Barnacle,Bar,4563,little-dorrit
Bar,Mr Tite Barnacle,4566,little-dorrit
Bar,Bishop,4566,little-dorrit
Mr Tite Barnacle,Bar,4566,little-dorrit
Mr Tite Barnacle,Bishop,4566,little-dorrit
Bishop,Bar,4566,little-dorrit
Bishop,Mr Tite Barnacle,4566,little-dorrit
Mr Tite Barnacle,Bishop,4579,little-dorrit
Bishop,Mr Tite Barnacle,4579,little-dorrit
William Dorrit,Lord Decimus Barnacle,4587,little-dorrit
Lord Decimus Barnacle,William Dorrit,4587,little-dorrit
Bar,Bishop,4591,little-dorrit
Bishop,Bar,4591,little-dorrit
Bishop,Lord Decimus Barnacle,4594,little-dorrit
Lord Decimus Barnacle,Bishop,4594,little-dorrit
Bar,Bishop,4600,little-dorrit
Bar,Lord Decimus Barnacle,4600,little-dorrit
Bishop,Bar,4600,little-dorrit
Bishop,Lord Decimus Barnacle,4600,little-dorrit
Lord Decimus Barnacle,Bar,4600,little-dorrit
Lord Decimus Barnacle,Bishop,4600,little-dorrit
Bar,Bishop,4604,little-dorrit
Bar,Lord Decimus Barnacle,4604,little-dorrit
Bishop,Bar,4604,little-dorrit
Bishop,Lord Decimus Barnacle,4604,little-dorrit
Lord Decimus Barnacle,Bar,4604,little-dorrit
Lord Decimus Barnacle,Bishop,4604,little-dorrit
Bar,Lord Decimus Barnacle,4606,little-dorrit
Lord Decimus Barnacle,Bar,4606,little-dorrit
Lord Decimus Barnacle,Edmund Sparkler,4608,little-dorrit
Edmund Sparkler,Lord Decimus Barnacle,4608,little-dorrit
John Baptist Cavalletto,Maggy,4614,little-dorrit
John Baptist Cavalletto,Mr Plornish,4614,little-dorrit
Maggy,John Baptist Cavalletto,4614,little-dorrit
Maggy,Mr Plornish,4614,little-dorrit
Mr Plornish,John Baptist Cavalletto,4614,little-dorrit
Mr Plornish,Maggy,4614,little-dorrit
Mr Arthur Clennam,Mr Plornish,4631,little-dorrit
Mr Plornish,Mr Arthur Clennam,4631,little-dorrit
Tip Dorrit,Old Nandy,4632,little-dorrit
Tip Dorrit,Mr Plornish,4632,little-dorrit
Old Nandy,Tip Dorrit,4632,little-dorrit
Old Nandy,Mr Plornish,4632,little-dorrit
Mr Plornish,Tip Dorrit,4632,little-dorrit
Mr Plornish,Old Nandy,4632,little-dorrit
Tip Dorrit,Old Nandy,4636,little-dorrit
Tip Dorrit,Mr Plornish,4636,little-dorrit
Old Nandy,Tip Dorrit,4636,little-dorrit
Old Nandy,Mr Plornish,4636,little-dorrit
Mr Plornish,Tip Dorrit,4636,little-dorrit
Mr Plornish,Old Nandy,4636,little-dorrit
John Baptist Cavalletto,Daniel Doyce,4640,little-dorrit
John Baptist Cavalletto,Old Nandy,4640,little-dorrit
Daniel Doyce,John Baptist Cavalletto,4640,little-dorrit
Daniel Doyce,Old Nandy,4640,little-dorrit
Old Nandy,John Baptist Cavalletto,4640,little-dorrit
Old Nandy,Daniel Doyce,4640,little-dorrit
John Baptist Cavalletto,Mr Plornish,4642,little-dorrit
John Baptist Cavalletto,Mr Plornish,4642,little-dorrit
Mr Plornish,John Baptist Cavalletto,4642,little-dorrit
Mr Plornish,John Baptist Cavalletto,4642,little-dorrit
John Baptist Cavalletto,Mr Plornish,4645,little-dorrit
Mr Plornish,John Baptist Cavalletto,4645,little-dorrit
John Baptist Cavalletto,Maggy,4656,little-dorrit
John Baptist Cavalletto,Mr Plornish,4656,little-dorrit
Maggy,John Baptist Cavalletto,4656,little-dorrit
Maggy,Mr Plornish,4656,little-dorrit
Mr Plornish,John Baptist Cavalletto,4656,little-dorrit
Mr Plornish,Maggy,4656,little-dorrit
John Baptist Cavalletto,Mr Plornish,4657,little-dorrit
Mr Plornish,John Baptist Cavalletto,4657,little-dorrit
John Baptist Cavalletto,Maggy,4659,little-dorrit
Maggy,John Baptist Cavalletto,4659,little-dorrit
Tip Dorrit,Old Nandy,4662,little-dorrit
Tip Dorrit,Mr Plornish,4662,little-dorrit
Old Nandy,Tip Dorrit,4662,little-dorrit
Old Nandy,Mr Plornish,4662,little-dorrit
Mr Plornish,Tip Dorrit,4662,little-dorrit
Mr Plornish,Old Nandy,4662,little-dorrit
Lord Decimus Barnacle,Henry Gowan,4747,little-dorrit
Henry Gowan,Lord Decimus Barnacle,4747,little-dorrit
Little Dorrit,Mr Arthur Clennam,4756,little-dorrit
Little Dorrit,Fanny Dorrit,4756,little-dorrit
Mr Arthur Clennam,Little Dorrit,4756,little-dorrit
Mr Arthur Clennam,Fanny Dorrit,4756,little-dorrit
Fanny Dorrit,Little Dorrit,4756,little-dorrit
Fanny Dorrit,Mr Arthur Clennam,4756,little-dorrit
Little Dorrit,Fanny Dorrit,4760,little-dorrit
Fanny Dorrit,Little Dorrit,4760,little-dorrit
Little Dorrit,Fanny Dorrit,4761,little-dorrit
Fanny Dorrit,Little Dorrit,4761,little-dorrit
Little Dorrit,Fanny Dorrit,4763,little-dorrit
Fanny Dorrit,Little Dorrit,4763,little-dorrit
Tip Dorrit,Fanny Dorrit,4767,little-dorrit
Tip Dorrit,Frederick Dorrit,4767,little-dorrit
Fanny Dorrit,Tip Dorrit,4767,little-dorrit
Fanny Dorrit,Frederick Dorrit,4767,little-dorrit
Frederick Dorrit,Tip Dorrit,4767,little-dorrit
Frederick Dorrit,Fanny Dorrit,4767,little-dorrit
Little Dorrit,Fanny Dorrit,4777,little-dorrit
Fanny Dorrit,Little Dorrit,4777,little-dorrit
Little Dorrit,Fanny Dorrit,4785,little-dorrit
Fanny Dorrit,Little Dorrit,4785,little-dorrit
Little Dorrit,Fanny Dorrit,4800,little-dorrit
Fanny Dorrit,Little Dorrit,4800,little-dorrit
Fanny Dorrit,Henry Gowan,4802,little-dorrit
Henry Gowan,Fanny Dorrit,4802,little-dorrit
Little Dorrit,Fanny Dorrit,4804,little-dorrit
Fanny Dorrit,Little Dorrit,4804,little-dorrit
Little Dorrit,Fanny Dorrit,4805,little-dorrit
Fanny Dorrit,Little Dorrit,4805,little-dorrit
Little Dorrit,Fanny Dorrit,4808,little-dorrit
Fanny Dorrit,Little Dorrit,4808,little-dorrit
Edmund Sparkler,Fanny Dorrit,4811,little-dorrit
Fanny Dorrit,Edmund Sparkler,4811,little-dorrit
Little Dorrit,Fanny Dorrit,4814,little-dorrit
Fanny Dorrit,Little Dorrit,4814,little-dorrit
Edmund Sparkler,Fanny Dorrit,4817,little-dorrit
Fanny Dorrit,Edmund Sparkler,4817,little-dorrit
Edmund Sparkler,Fanny Dorrit,4819,little-dorrit
Fanny Dorrit,Edmund Sparkler,4819,little-dorrit
Edmund Sparkler,Fanny Dorrit,4823,little-dorrit
Fanny Dorrit,Edmund Sparkler,4823,little-dorrit
Edmund Sparkler,Fanny Dorrit,4827,little-dorrit
Fanny Dorrit,Edmund Sparkler,4827,little-dorrit
Fanny Dorrit,Mr Meagles,4852,little-dorrit
Mr Meagles,Fanny Dorrit,4852,little-dorrit
Fanny Dorrit,Mr Tinkler,4865,little-dorrit
Mr Tinkler,Fanny Dorrit,4865,little-dorrit
Edmund Sparkler,Fanny Dorrit,4896,little-dorrit
Fanny Dorrit,Edmund Sparkler,4896,little-dorrit
Edmund Sparkler,Fanny Dorrit,4898,little-dorrit
Fanny Dorrit,Edmund Sparkler,4898,little-dorrit
Little Dorrit,Edmund Sparkler,4900,little-dorrit
Edmund Sparkler,Little Dorrit,4900,little-dorrit
Little Dorrit,Edmund Sparkler,4902,little-dorrit
Little Dorrit,Fanny Dorrit,4902,little-dorrit
Little Dorrit,Mr Meagles,4902,little-dorrit
Edmund Sparkler,Little Dorrit,4902,little-dorrit
Edmund Sparkler,Fanny Dorrit,4902,little-dorrit
Edmund Sparkler,Mr Meagles,4902,little-dorrit
Fanny Dorrit,Little Dorrit,4902,little-dorrit
Fanny Dorrit,Edmund Sparkler,4902,little-dorrit
Fanny Dorrit,Mr Meagles,4902,little-dorrit
Mr Meagles,Little Dorrit,4902,little-dorrit
Mr Meagles,Edmund Sparkler,4902,little-dorrit
Mr Meagles,Fanny Dorrit,4902,little-dorrit
Little Dorrit,Fanny Dorrit,4907,little-dorrit
Fanny Dorrit,Little Dorrit,4907,little-dorrit
Little Dorrit,Fanny Dorrit,4918,little-dorrit
Fanny Dorrit,Little Dorrit,4918,little-dorrit
Little Dorrit,Tip Dorrit,4922,little-dorrit
Little Dorrit,Fanny Dorrit,4922,little-dorrit
Little Dorrit,Mr Meagles,4922,little-dorrit
Tip Dorrit,Little Dorrit,4922,little-dorrit
Tip Dorrit,Fanny Dorrit,4922,little-dorrit
Tip Dorrit,Mr Meagles,4922,little-dorrit
Fanny Dorrit,Little Dorrit,4922,little-dorrit
Fanny Dorrit,Tip Dorrit,4922,little-dorrit
Fanny Dorrit,Mr Meagles,4922,little-dorrit
Mr Meagles,Little Dorrit,4922,little-dorrit
Mr Meagles,Tip Dorrit,4922,little-dorrit
Mr Meagles,Fanny Dorrit,4922,little-dorrit
Little Dorrit,Fanny Dorrit,4936,little-dorrit
Fanny Dorrit,Little Dorrit,4936,little-dorrit
Bar,Bishop,5006,little-dorrit
Bishop,Bar,5006,little-dorrit
Mr Arthur Clennam,Flora Casby,5027,little-dorrit
Flora Casby,Mr Arthur Clennam,5027,little-dorrit
Mr Arthur Clennam,Daniel Doyce,5029,little-dorrit
Mr Arthur Clennam,Flora Casby,5029,little-dorrit
Daniel Doyce,Mr Arthur Clennam,5029,little-dorrit
Daniel Doyce,Flora Casby,5029,little-dorrit
Flora Casby,Mr Arthur Clennam,5029,little-dorrit
Flora Casby,Daniel Doyce,5029,little-dorrit
Mr Arthur Clennam,Daniel Doyce,5033,little-dorrit
Mr Arthur Clennam,Flora Casby,5033,little-dorrit
Daniel Doyce,Mr Arthur Clennam,5033,little-dorrit
Daniel Doyce,Flora Casby,5033,little-dorrit
Flora Casby,Mr Arthur Clennam,5033,little-dorrit
Flora Casby,Daniel Doyce,5033,little-dorrit
Rigaud,Flora Casby,5034,little-dorrit
Flora Casby,Rigaud,5034,little-dorrit
Jeremiah Flintwinch,Flora Casby,5041,little-dorrit
Flora Casby,Jeremiah Flintwinch,5041,little-dorrit
Rigaud,Flora Casby,5042,little-dorrit
Flora Casby,Rigaud,5042,little-dorrit
Rigaud,Henry Gowan,5045,little-dorrit
Henry Gowan,Rigaud,5045,little-dorrit
Bar,Flora Casby,5046,little-dorrit
Flora Casby,Bar,5046,little-dorrit
Rigaud,Henry Gowan,5070,little-dorrit
Henry Gowan,Rigaud,5070,little-dorrit
Little Dorrit,Fanny Dorrit,5109,little-dorrit
Fanny Dorrit,Little Dorrit,5109,little-dorrit
Fanny Dorrit,Mr Meagles,5111,little-dorrit
Mr Meagles,Fanny Dorrit,5111,little-dorrit
Little Dorrit,Fanny Dorrit,5195,little-dorrit
Little Dorrit,Frederick Dorrit,5195,little-dorrit
Fanny Dorrit,Little Dorrit,5195,little-dorrit
Fanny Dorrit,Frederick Dorrit,5195,little-dorrit
Frederick Dorrit,Little Dorrit,5195,little-dorrit
Frederick Dorrit,Fanny Dorrit,5195,little-dorrit
Little Dorrit,Frederick Dorrit,5226,little-dorrit
Frederick Dorrit,Little Dorrit,5226,little-dorrit
Little Dorrit,Bob Turnkey,5273,little-dorrit
Bob Turnkey,Little Dorrit,5273,little-dorrit
Little Dorrit,Bob Turnkey,5274,little-dorrit
Bob Turnkey,Little Dorrit,5274,little-dorrit
Little Dorrit,Bob Turnkey,5277,little-dorrit
Bob Turnkey,Little Dorrit,5277,little-dorrit
Mr Arthur Clennam,Miss Wade,5365,little-dorrit
Miss Wade,Mr Arthur Clennam,5365,little-dorrit
Mr Arthur Clennam,Miss Wade,5375,little-dorrit
Miss Wade,Mr Arthur Clennam,5375,little-dorrit
Tattycoram,Miss Wade,5394,little-dorrit
Miss Wade,Tattycoram,5394,little-dorrit
Mr Arthur Clennam,Tattycoram,5400,little-dorrit
Mr Arthur Clennam,Miss Wade,5400,little-dorrit
Tattycoram,Mr Arthur Clennam,5400,little-dorrit
Tattycoram,Miss Wade,5400,little-dorrit
Miss Wade,Mr Arthur Clennam,5400,little-dorrit
Miss Wade,Tattycoram,5400,little-dorrit
Mr Arthur Clennam,Daniel Doyce,5459,little-dorrit
Daniel Doyce,Mr Arthur Clennam,5459,little-dorrit
Mr Arthur Clennam,John Baptist Cavalletto,5525,little-dorrit
Mr Arthur Clennam,John Baptist Cavalletto,5525,little-dorrit
John Baptist Cavalletto,Mr Arthur Clennam,5525,little-dorrit
John Baptist Cavalletto,Mr Arthur Clennam,5525,little-dorrit
Rigaud,Jeremiah Flintwinch,5537,little-dorrit
Jeremiah Flintwinch,Rigaud,5537,little-dorrit
Mr Arthur Clennam,Jeremiah Flintwinch,5539,little-dorrit
Jeremiah Flintwinch,Mr Arthur Clennam,5539,little-dorrit
Mr Arthur Clennam,Jeremiah Flintwinch,5541,little-dorrit
Jeremiah Flintwinch,Mr Arthur Clennam,5541,little-dorrit
Mr Arthur Clennam,Jeremiah Flintwinch,5543,little-dorrit
Jeremiah Flintwinch,Mr Arthur Clennam,5543,little-dorrit
Mr Arthur Clennam,Jeremiah Flintwinch,5545,little-dorrit
Jeremiah Flintwinch,Mr Arthur Clennam,5545,little-dorrit
Mr Arthur Clennam,Flora Casby,5552,little-dorrit
Flora Casby,Mr Arthur Clennam,5552,little-dorrit
Mr Arthur Clennam,Flora Casby,5555,little-dorrit
Flora Casby,Mr Arthur Clennam,5555,little-dorrit
Mr F's Aunt,Flora Casby,5580,little-dorrit
Mr F's Aunt,Jeremiah Flintwinch,5580,little-dorrit
Mr F's Aunt,Flora Casby,5580,little-dorrit
Mr F's Aunt,Jeremiah Flintwinch,5580,little-dorrit
Flora Casby,Mr F's Aunt,5580,little-dorrit
Flora Casby,Mr F's Aunt,5580,little-dorrit
Flora Casby,Jeremiah Flintwinch,5580,little-dorrit
Jeremiah Flintwinch,Mr F's Aunt,5580,little-dorrit
Jeremiah Flintwinch,Mr F's Aunt,5580,little-dorrit
Jeremiah Flintwinch,Flora Casby,5580,little-dorrit
Jeremiah Flintwinch,Flora Casby,5593,little-dorrit
Flora Casby,Jeremiah Flintwinch,5593,little-dorrit
Mr Arthur Clennam,Flora Casby,5595,little-dorrit
Flora Casby,Mr Arthur Clennam,5595,little-dorrit
Mr Arthur Clennam,Mr F's Aunt,5597,little-dorrit
Mr Arthur Clennam,Flora Casby,5597,little-dorrit
Mr F's Aunt,Mr Arthur Clennam,5597,little-dorrit
Mr F's Aunt,Flora Casby,5597,little-dorrit
Flora Casby,Mr Arthur Clennam,5597,little-dorrit
Flora Casby,Mr F's Aunt,5597,little-dorrit
Mr Arthur Clennam,Flora Casby,5600,little-dorrit
Mr Arthur Clennam,Flora Casby,5600,little-dorrit
Flora Casby,Mr Arthur Clennam,5600,little-dorrit
Flora Casby,Mr Arthur Clennam,5600,little-dorrit
Mr Arthur Clennam,Jeremiah Flintwinch,5601,little-dorrit
Jeremiah Flintwinch,Mr Arthur Clennam,5601,little-dorrit
Flora Casby,Jeremiah Flintwinch,5602,little-dorrit
Jeremiah Flintwinch,Flora Casby,5602,little-dorrit
Mr Arthur Clennam,Flora Casby,5605,little-dorrit
Mr Arthur Clennam,Jeremiah Flintwinch,5605,little-dorrit
Flora Casby,Mr Arthur Clennam,5605,little-dorrit
Flora Casby,Jeremiah Flintwinch,5605,little-dorrit
Jeremiah Flintwinch,Mr Arthur Clennam,5605,little-dorrit
Jeremiah Flintwinch,Flora Casby,5605,little-dorrit
Mr Arthur Clennam,Flora Casby,5606,little-dorrit
Flora Casby,Mr Arthur Clennam,5606,little-dorrit
Mr Arthur Clennam,Flora Casby,5608,little-dorrit
Flora Casby,Mr Arthur Clennam,5608,little-dorrit
Mr Arthur Clennam,Flora Casby,5613,little-dorrit
Flora Casby,Mr Arthur Clennam,5613,little-dorrit
Mr Arthur Clennam,Jeremiah Flintwinch,5615,little-dorrit
Jeremiah Flintwinch,Mr Arthur Clennam,5615,little-dorrit
Mr Arthur Clennam,Jeremiah Flintwinch,5627,little-dorrit
Jeremiah Flintwinch,Mr Arthur Clennam,5627,little-dorrit
Mr Arthur Clennam,Daniel Doyce,5634,little-dorrit
Daniel Doyce,Mr Arthur Clennam,5634,little-dorrit
Mr Arthur Clennam,Jeremiah Flintwinch,5636,little-dorrit
Jeremiah Flintwinch,Mr Arthur Clennam,5636,little-dorrit
Mr Arthur Clennam,Flora Casby,5651,little-dorrit
Flora Casby,Mr Arthur Clennam,5651,little-dorrit
Mr Arthur Clennam,Jeremiah Flintwinch,5652,little-dorrit
Jeremiah Flintwinch,Mr Arthur Clennam,5652,little-dorrit
Mr Arthur Clennam,Jeremiah Flintwinch,5653,little-dorrit
Mr Arthur Clennam,Jeremiah Flintwinch,5653,little-dorrit
Jeremiah Flintwinch,Mr Arthur Clennam,5653,little-dorrit
Jeremiah Flintwinch,Mr Arthur Clennam,5653,little-dorrit
Mr Arthur Clennam,Flora Casby,5654,little-dorrit
Flora Casby,Mr Arthur Clennam,5654,little-dorrit
Mr Tite Barnacle,Lord Decimus Barnacle,5659,little-dorrit
Lord Decimus Barnacle,Mr Tite Barnacle,5659,little-dorrit
Edmund Sparkler,Fanny Dorrit,5683,little-dorrit
Fanny Dorrit,Edmund Sparkler,5683,little-dorrit
Edmund Sparkler,Fanny Dorrit,5697,little-dorrit
Fanny Dorrit,Edmund Sparkler,5697,little-dorrit
Little Dorrit,Edmund Sparkler,5712,little-dorrit
Edmund Sparkler,Little Dorrit,5712,little-dorrit
Edmund Sparkler,Tip Dorrit,5718,little-dorrit
Tip Dorrit,Edmund Sparkler,5718,little-dorrit
Little Dorrit,Edmund Sparkler,5720,little-dorrit
Edmund Sparkler,Little Dorrit,5720,little-dorrit
Little Dorrit,Tip Dorrit,5727,little-dorrit
Tip Dorrit,Little Dorrit,5727,little-dorrit
Bar,Mr Tite Barnacle,5774,little-dorrit
Bar,Bishop,5774,little-dorrit
Mr Tite Barnacle,Bar,5774,little-dorrit
Mr Tite Barnacle,Bishop,5774,little-dorrit
Bishop,Bar,5774,little-dorrit
Bishop,Mr Tite Barnacle,5774,little-dorrit
Mr Arthur Clennam,Mr Plornish,5903,little-dorrit
Mr Plornish,Mr Arthur Clennam,5903,little-dorrit
Mr Arthur Clennam,Mr Plornish,6028,little-dorrit
Mr Plornish,Mr Arthur Clennam,6028,little-dorrit
John Baptist Cavalletto,Mr Plornish,6031,little-dorrit
Mr Plornish,John Baptist Cavalletto,6031,little-dorrit
Mr Arthur Clennam,John Baptist Cavalletto,6119,little-dorrit
Mr Arthur Clennam,John Baptist Cavalletto,6119,little-dorrit
John Baptist Cavalletto,Mr Arthur Clennam,6119,little-dorrit
John Baptist Cavalletto,Mr Arthur Clennam,6119,little-dorrit
Mr Arthur Clennam,John Baptist Cavalletto,6124,little-dorrit
Mr Arthur Clennam,Rigaud,6124,little-dorrit
John Baptist Cavalletto,Mr Arthur Clennam,6124,little-dorrit
John Baptist Cavalletto,Rigaud,6124,little-dorrit
Rigaud,Mr Arthur Clennam,6124,little-dorrit
Rigaud,John Baptist Cavalletto,6124,little-dorrit
John Baptist Cavalletto,Mr Plornish,6126,little-dorrit
John Baptist Cavalletto,Rigaud,6126,little-dorrit
Mr Plornish,John Baptist Cavalletto,6126,little-dorrit
Mr Plornish,Rigaud,6126,little-dorrit
Rigaud,John Baptist Cavalletto,6126,little-dorrit
Rigaud,Mr Plornish,6126,little-dorrit
Mr Arthur Clennam,John Baptist Cavalletto,6130,little-dorrit
Mr Arthur Clennam,Signor Panco,6130,little-dorrit
Mr Arthur Clennam,Rigaud,6130,little-dorrit
John Baptist Cavalletto,Mr Arthur Clennam,6130,little-dorrit
John Baptist Cavalletto,Signor Panco,6130,little-dorrit
John Baptist Cavalletto,Rigaud,6130,little-dorrit
Signor Panco,Mr Arthur Clennam,6130,little-dorrit
Signor Panco,John Baptist Cavalletto,6130,little-dorrit
Signor Panco,Rigaud,6130,little-dorrit
Rigaud,Mr Arthur Clennam,6130,little-dorrit
Rigaud,John Baptist Cavalletto,6130,little-dorrit
Rigaud,Signor Panco,6130,little-dorrit
Mr Arthur Clennam,Rigaud,6131,little-dorrit
Rigaud,Mr Arthur Clennam,6131,little-dorrit
Mr Arthur Clennam,John Baptist Cavalletto,6138,little-dorrit
John Baptist Cavalletto,Mr Arthur Clennam,6138,little-dorrit
Jeremiah Flintwinch,Rigaud,6155,little-dorrit
Rigaud,Jeremiah Flintwinch,6155,little-dorrit
John Baptist Cavalletto,Rigaud,6160,little-dorrit
Rigaud,John Baptist Cavalletto,6160,little-dorrit
Mr Arthur Clennam,John Baptist Cavalletto,6175,little-dorrit
John Baptist Cavalletto,Mr Arthur Clennam,6175,little-dorrit
John Baptist Cavalletto,Signor Panco,6176,little-dorrit
John Baptist Cavalletto,Rigaud,6176,little-dorrit
Signor Panco,John Baptist Cavalletto,6176,little-dorrit
Signor Panco,Rigaud,6176,little-dorrit
Rigaud,John Baptist Cavalletto,6176,little-dorrit
Rigaud,Signor Panco,6176,little-dorrit
John Baptist Cavalletto,Rigaud,6181,little-dorrit
Rigaud,John Baptist Cavalletto,6181,little-dorrit
Rigaud,Miss Wade,6192,little-dorrit
Miss Wade,Rigaud,6192,little-dorrit
John Baptist Cavalletto,Rigaud,6202,little-dorrit
Rigaud,John Baptist Cavalletto,6202,little-dorrit
John Baptist Cavalletto,Jeremiah Flintwinch,6203,little-dorrit
John Baptist Cavalletto,Rigaud,6203,little-dorrit
Jeremiah Flintwinch,John Baptist Cavalletto,6203,little-dorrit
Jeremiah Flintwinch,Rigaud,6203,little-dorrit
Rigaud,John Baptist Cavalletto,6203,little-dorrit
Rigaud,Jeremiah Flintwinch,6203,little-dorrit
Mr Arthur Clennam,Jeremiah Flintwinch,6204,little-dorrit
Jeremiah Flintwinch,Mr Arthur Clennam,6204,little-dorrit
Mr Arthur Clennam,Jeremiah Flintwinch,6206,little-dorrit
Jeremiah Flintwinch,Mr Arthur Clennam,6206,little-dorrit
Mr Arthur Clennam,Jeremiah Flintwinch,6207,little-dorrit
Mr Arthur Clennam,Rigaud,6207,little-dorrit
Jeremiah Flintwinch,Mr Arthur Clennam,6207,little-dorrit
Jeremiah Flintwinch,Rigaud,6207,little-dorrit
Rigaud,Mr Arthur Clennam,6207,little-dorrit
Rigaud,Jeremiah Flintwinch,6207,little-dorrit
Mr Arthur Clennam,Jeremiah Flintwinch,6209,little-dorrit
Jeremiah Flintwinch,Mr Arthur Clennam,6209,little-dorrit
Rigaud,Jeremiah Flintwinch,6214,little-dorrit
Jeremiah Flintwinch,Rigaud,6214,little-dorrit
John Baptist Cavalletto,Rigaud,6215,little-dorrit
Rigaud,John Baptist Cavalletto,6215,little-dorrit
John Baptist Cavalletto,Rigaud,6217,little-dorrit
Rigaud,John Baptist Cavalletto,6217,little-dorrit
Mr Arthur Clennam,John Baptist Cavalletto,6220,little-dorrit
Mr Arthur Clennam,Jeremiah Flintwinch,6220,little-dorrit
John Baptist Cavalletto,Mr Arthur Clennam,6220,little-dorrit
John Baptist Cavalletto,Jeremiah Flintwinch,6220,little-dorrit
Jeremiah Flintwinch,Mr Arthur Clennam,6220,little-dorrit
Jeremiah Flintwinch,John Baptist Cavalletto,6220,little-dorrit
John Baptist Cavalletto,Mr Plornish,6227,little-dorrit
Mr Plornish,John Baptist Cavalletto,6227,little-dorrit
John Baptist Cavalletto,Rigaud,6297,little-dorrit
Rigaud,John Baptist Cavalletto,6297,little-dorrit
Jeremiah Flintwinch,Rigaud,6300,little-dorrit
Jeremiah Flintwinch,Rigaud,6300,little-dorrit
Rigaud,Jeremiah Flintwinch,6300,little-dorrit
Rigaud,Jeremiah Flintwinch,6300,little-dorrit
Mr Arthur Clennam,Rigaud,6317,little-dorrit
Mr Arthur Clennam,Jeremiah Flintwinch,6317,little-dorrit
Rigaud,Mr Arthur Clennam,6317,little-dorrit
Rigaud,Jeremiah Flintwinch,6317,little-dorrit
Jeremiah Flintwinch,Mr Arthur Clennam,6317,little-dorrit
Jeremiah Flintwinch,Rigaud,6317,little-dorrit
John Baptist Cavalletto,Jeremiah Flintwinch,6321,little-dorrit
Jeremiah Flintwinch,John Baptist Cavalletto,6321,little-dorrit
Mr Arthur Clennam,Jeremiah Flintwinch,6329,little-dorrit
Jeremiah Flintwinch,Mr Arthur Clennam,6329,little-dorrit
Jeremiah Flintwinch,Rigaud,6335,little-dorrit
Rigaud,Jeremiah Flintwinch,6335,little-dorrit
Mr Arthur Clennam,Jeremiah Flintwinch,6381,little-dorrit
Jeremiah Flintwinch,Mr Arthur Clennam,6381,little-dorrit
Jeremiah Flintwinch,Rigaud,6382,little-dorrit
Rigaud,Jeremiah Flintwinch,6382,little-dorrit
Jeremiah Flintwinch,Rigaud,6385,little-dorrit
Rigaud,Jeremiah Flintwinch,6385,little-dorrit
Jeremiah Flintwinch,Rigaud,6389,little-dorrit
Rigaud,Jeremiah Flintwinch,6389,little-dorrit
Mr Arthur Clennam,Jeremiah Flintwinch,6391,little-dorrit
Jeremiah Flintwinch,Mr Arthur Clennam,6391,little-dorrit
Rigaud,Jeremiah Flintwinch,6399,little-dorrit
Jeremiah Flintwinch,Rigaud,6399,little-dorrit
Jeremiah Flintwinch,Rigaud,6399,little-dorrit
Rigaud,Jeremiah Flintwinch,6399,little-dorrit
Mr Gilbert Clennam,Rigaud,6421,little-dorrit
Rigaud,Mr Gilbert Clennam,6421,little-dorrit
Mr Arthur Clennam,Frederick Dorrit,6430,little-dorrit
Frederick Dorrit,Mr Arthur Clennam,6430,little-dorrit
Mr Arthur Clennam,Frederick Dorrit,6434,little-dorrit
Mr Arthur Clennam,Mr Gilbert Clennam,6434,little-dorrit
Mr Arthur Clennam,Jeremiah Flintwinch,6434,little-dorrit
Frederick Dorrit,Mr Arthur Clennam,6434,little-dorrit
Frederick Dorrit,Mr Gilbert Clennam,6434,little-dorrit
Frederick Dorrit,Jeremiah Flintwinch,6434,little-dorrit
Mr Gilbert Clennam,Mr Arthur Clennam,6434,little-dorrit
Mr Gilbert Clennam,Frederick Dorrit,6434,little-dorrit
Mr Gilbert Clennam,Jeremiah Flintwinch,6434,little-dorrit
Jeremiah Flintwinch,Mr Arthur Clennam,6434,little-dorrit
Jeremiah Flintwinch,Frederick Dorrit,6434,little-dorrit
Jeremiah Flintwinch,Mr Gilbert Clennam,6434,little-dorrit
Mr Arthur Clennam,Jeremiah Flintwinch,6436,little-dorrit
Jeremiah Flintwinch,Mr Arthur Clennam,6436,little-dorrit
Jeremiah Flintwinch,Rigaud,6437,little-dorrit
Rigaud,Jeremiah Flintwinch,6437,little-dorrit
Jeremiah Flintwinch,Rigaud,6438,little-dorrit
Rigaud,Jeremiah Flintwinch,6438,little-dorrit
Jeremiah Flintwinch,Rigaud,6439,little-dorrit
Rigaud,Jeremiah Flintwinch,6439,little-dorrit
Mr Arthur Clennam,Ephraim Flintwinch,6441,little-dorrit
Mr Arthur Clennam,Jeremiah Flintwinch,6441,little-dorrit
Ephraim Flintwinch,Mr Arthur Clennam,6441,little-dorrit
Ephraim Flintwinch,Jeremiah Flintwinch,6441,little-dorrit
Jeremiah Flintwinch,Mr Arthur Clennam,6441,little-dorrit
Jeremiah Flintwinch,Ephraim Flintwinch,6441,little-dorrit
Frederick Dorrit,Rigaud,6448,little-dorrit
Rigaud,Frederick Dorrit,6448,little-dorrit
Mr Arthur Clennam,Jeremiah Flintwinch,6452,little-dorrit
Jeremiah Flintwinch,Mr Arthur Clennam,6452,little-dorrit
Jeremiah Flintwinch,Rigaud,6455,little-dorrit
Jeremiah Flintwinch,Rigaud,6455,little-dorrit
Rigaud,Jeremiah Flintwinch,6455,little-dorrit
Rigaud,Jeremiah Flintwinch,6455,little-dorrit
Fanny Dorrit,Tip Dorrit,6587,little-dorrit
Tip Dorrit,Fanny Dorrit,6587,little-dorrit
Mr Tite Barnacle,Fanny Dorrit,6589,little-dorrit
Fanny Dorrit,Mr Tite Barnacle,6589,little-dorrit
Tattycoram,Miss Wade,6615,little-dorrit
Miss Wade,Tattycoram,6615,little-dorrit
Mr Arthur Clennam,John Baptist Cavalletto,6619,little-dorrit
Mr Arthur Clennam,Maggy,6619,little-dorrit
Mr Arthur Clennam,Mr Plornish,6619,little-dorrit
John Baptist Cavalletto,Mr Arthur Clennam,6619,little-dorrit
John Baptist Cavalletto,Maggy,6619,little-dorrit
John Baptist Cavalletto,Mr Plornish,6619,little-dorrit
Maggy,Mr Arthur Clennam,6619,little-dorrit
Maggy,John Baptist Cavalletto,6619,little-dorrit
Maggy,Mr Plornish,6619,little-dorrit
Mr Plornish,Mr Arthur Clennam,6619,little-dorrit
Mr Plornish,John Baptist Cavalletto,6619,little-dorrit
Mr Plornish,Maggy,6619,little-dorrit
Jeremiah Flintwinch,Tattycoram,6622,little-dorrit
Tattycoram,Jeremiah Flintwinch,6622,little-dorrit
Tattycoram,Miss Wade,6630,little-dorrit
Miss Wade,Tattycoram,6630,little-dorrit
Mr Arthur Clennam,Daniel Doyce,6649,little-dorrit
Mr Arthur Clennam,Daniel Doyce,6649,little-dorrit
Mr Arthur Clennam,Tattycoram,6649,little-dorrit
Daniel Doyce,Mr Arthur Clennam,6649,little-dorrit
Daniel Doyce,Tattycoram,6649,little-dorrit
Daniel Doyce,Mr Arthur Clennam,6649,little-dorrit
Daniel Doyce,Tattycoram,6649,little-dorrit
Tattycoram,Mr Arthur Clennam,6649,little-dorrit
Tattycoram,Daniel Doyce,6649,little-dorrit
Tattycoram,Daniel Doyce,6649,little-dorrit
Mr F's Aunt,Flora Casby,6692,little-dorrit
Mr F's Aunt,Maggy,6692,little-dorrit
Mr F's Aunt,Flora Casby,6692,little-dorrit
Mr F's Aunt,Maggy,6692,little-dorrit
Flora Casby,Mr F's Aunt,6692,little-dorrit
Flora Casby,Mr F's Aunt,6692,little-dorrit
Flora Casby,Maggy,6692,little-dorrit
Maggy,Mr F's Aunt,6692,little-dorrit
Maggy,Mr F's Aunt,6692,little-dorrit
Maggy,Flora Casby,6692,little-dorrit
Mr F's Aunt,Flora Casby,6693,little-dorrit
Mr F's Aunt,Flora Casby,6693,little-dorrit
Flora Casby,Mr F's Aunt,6693,little-dorrit
Flora Casby,Mr F's Aunt,6693,little-dorrit
Mr Arthur Clennam,Daniel Doyce,6694,little-dorrit
Mr Arthur Clennam,Flora Casby,6694,little-dorrit
Daniel Doyce,Mr Arthur Clennam,6694,little-dorrit
Daniel Doyce,Flora Casby,6694,little-dorrit
Flora Casby,Mr Arthur Clennam,6694,little-dorrit
Flora Casby,Daniel Doyce,6694,little-dorrit
Mr F's Aunt,Flora Casby,6695,little-dorrit
Mr F's Aunt,Flora Casby,6695,little-dorrit
Flora Casby,Mr F's Aunt,6695,little-dorrit
Flora Casby,Mr F's Aunt,6695,little-dorrit
Mr Arthur Clennam,Mr F's Aunt,6697,little-dorrit
Mr F's Aunt,Mr Arthur Clennam,6697,little-dorrit
Mr Arthur Clennam,Flora Casby,6699,little-dorrit
Flora Casby,Mr Arthur Clennam,6699,little-dorrit
Mr Arthur Clennam,Mr F's Aunt,6701,little-dorrit
Mr Arthur Clennam,Flora Casby,6701,little-dorrit
Mr F's Aunt,Mr Arthur Clennam,6701,little-dorrit
Mr F's Aunt,Flora Casby,6701,little-dorrit
Flora Casby,Mr Arthur Clennam,6701,little-dorrit
Flora Casby,Mr F's Aunt,6701,little-dorrit
Mr F's Aunt,Flora Casby,6706,little-dorrit
Mr F's Aunt,Flora Casby,6706,little-dorrit
Flora Casby,Mr F's Aunt,6706,little-dorrit
Flora Casby,Mr F's Aunt,6706,little-dorrit
Mr F's Aunt,Flora Casby,6707,little-dorrit
Mr F's Aunt,Flora Casby,6707,little-dorrit
Flora Casby,Mr F's Aunt,6707,little-dorrit
Flora Casby,Mr F's Aunt,6707,little-dorrit
Mr Arthur Clennam,Mr F's Aunt,6708,little-dorrit
Mr Arthur Clennam,Mr F's Aunt,6708,little-dorrit
Mr Arthur Clennam,Flora Casby,6708,little-dorrit
Mr F's Aunt,Mr Arthur Clennam,6708,little-dorrit
Mr F's Aunt,Flora Casby,6708,little-dorrit
Mr F's Aunt,Mr Arthur Clennam,6708,little-dorrit
Mr F's Aunt,Flora Casby,6708,little-dorrit
Flora Casby,Mr Arthur Clennam,6708,little-dorrit
Flora Casby,Mr F's Aunt,6708,little-dorrit
Flora Casby,Mr F's Aunt,6708,little-dorrit
Little Dorrit,Mr Arthur Clennam,6714,little-dorrit
Mr Arthur Clennam,Little Dorrit,6714,little-dorrit
Mr Arthur Clennam,Daniel Doyce,6718,little-dorrit
Daniel Doyce,Mr Arthur Clennam,6718,little-dorrit
Mr Arthur Clennam,Daniel Doyce,6724,little-dorrit
Daniel Doyce,Mr Arthur Clennam,6724,little-dorrit
Mr Arthur Clennam,Daniel Doyce,6726,little-dorrit
Daniel Doyce,Mr Arthur Clennam,6726,little-dorrit
Mr Arthur Clennam,Daniel Doyce,6727,little-dorrit
Daniel Doyce,Mr Arthur Clennam,6727,little-dorrit
Mr Arthur Clennam,Daniel Doyce,6728,little-dorrit
Daniel Doyce,Mr Arthur Clennam,6728,little-dorrit
Mr Arthur Clennam,Maggy,6737,little-dorrit
Maggy,Mr Arthur Clennam,6737,little-dorrit
Daniel Doyce,Flora Casby,6746,little-dorrit
Daniel Doyce,Maggy,6746,little-dorrit
Flora Casby,Daniel Doyce,6746,little-dorrit
Flora Casby,Maggy,6746,little-dorrit
Maggy,Daniel Doyce,6746,little-dorrit
Maggy,Flora Casby,6746,little-dorrit
Fanny Dorrit,Tip Dorrit,6749,little-dorrit
Tip Dorrit,Fanny Dorrit,6749,little-dorrit
